condition,crossing_count,rate_per_crossing_per_s,mean_service_duration_s,per_crossing_offered_load,single_gate_overloaded,replication,arrival_seed,disturbance_seed,arrival_rate_per_s,operating_window_start_s,operating_window_end_s,root_cohort_end_s,control_cohort_completions,complete_primary_cohorts,unresolved_primary_cohorts,primary_events,primary_severity_s,primary_burden_s_per_completion,dimensionless_primary_burden,analytic_x_ceiling,coverage_status,direct_branching_in_sample,in_sample_resolvent,in_sample_measured_progeny,chain_identity_residual,algebraic_chain_identity,in_sample_validation_status,treated_completion_rate_per_s,control_completion_rate_per_s,completion_rate_loss_per_s,treated_queue_drift_per_s,mean_active_crossings,any_crossing_occupancy_fraction,completed_crossing_requests,unserved_or_censored_crossing_requests,fold_claim_status,collision_count,crossing_violation_count,mass_balance_residual
K01_base,1,0.025,3.0,0.07500000000000001,False,0,20260914,21260914,0.8,150.0,300.0,240.0,60,4,0,4,12.836681006371183,0.21394468343951972,0.008557787337580789,0.06,flat_shelf,0.9111111111111111,11.249999999999998,11.25,-1.7763568394002505e-15,True,descriptive_not_predictive,0.6,0.6733333333333333,0.07333333333333336,0.14141635480179768,0.11083333333333334,0.11083333333333334,5,0,not_tested_no_independently_observed_fold,0,0,0
K01_base,1,0.025,3.0,0.07500000000000001,False,1,20260915,21260915,0.8,150.0,300.0,240.0,61,1,0,1,4.501097756590333,0.07378848781295629,0.0029515395125182513,0.05901639344262295,flat_shelf,0.9166666666666666,11.999999999999995,12.0,-5.329070518200751e-15,True,descriptive_not_predictive,0.6333333333333333,0.6733333333333333,0.040000000000000036,0.25206914279080816,0.065,0.065,1,0,not_tested_no_independently_observed_fold,0,0,0
K01_base,1,0.025,3.0,0.07500000000000001,False,2,20260916,21260916,0.8,150.0,300.0,240.0,61,3,0,3,13.580854480189014,0.2226369586916232,0.008905478347664928,0.05901639344262295,flat_shelf,0.918918918918919,12.333333333333341,12.333333333333334,7.105427357601002e-15,True,descriptive_not_predictive,0.6133333333333333,0.6733333333333333,0.06000000000000005,0.04728929082757982,0.09666666666666666,0.09666666666666666,3,0,not_tested_no_independently_observed_fold,0,0,0
K01_base,1,0.025,3.0,0.07500000000000001,False,3,20260917,21260917,0.8,150.0,300.0,240.0,61,2,0,2,7.513457481565707,0.12317143412402799,0.00492685736496112,0.05901639344262295,flat_shelf,0.9166666666666666,11.999999999999995,12.0,-5.329070518200751e-15,True,descriptive_not_predictive,0.6066666666666667,0.6733333333333333,0.06666666666666665,0.10274570068711647,0.11333333333333333,0.11333333333333333,2,0,not_tested_no_independently_observed_fold,0,0,0
K01_base,1,0.025,3.0,0.07500000000000001,False,4,20260918,21260918,0.8,150.0,300.0,240.0,61,1,0,1,4.224148840704323,0.06924834165089054,0.0027699336660356217,0.05901639344262295,flat_shelf,0.9166666666666666,11.999999999999995,12.0,-5.329070518200751e-15,True,descriptive_not_predictive,0.64,0.6733333333333333,0.033333333333333326,0.007509300667215765,0.0375,0.0375,1,0,not_tested_no_independently_observed_fold,0,0,0
K01_base,1,0.025,3.0,0.07500000000000001,False,5,20260919,21260919,0.8,150.0,300.0,240.0,61,0,0,0,0.0,0.0,0.0,0.05901639344262295,flat_shelf,nan,1.0,,,False,descriptive_not_predictive,0.66,0.6733333333333333,0.013333333333333308,0.09765451821714652,0.015,0.015,0,0,not_tested_no_independently_observed_fold,0,0,0
K02_dist,2,0.05,3.0,0.15000000000000002,False,0,20260914,21270914,0.8,150.0,300.0,240.0,60,2,0,2,7.814560492343603,0.13024267487239338,0.005209706994895735,0.12,flat_shelf,0.9,10.000000000000002,10.0,1.7763568394002505e-15,True,descriptive_not_predictive,0.6333333333333333,0.6733333333333333,0.040000000000000036,0.10540350799608611,0.11,0.11,2,0,not_tested_no_independently_observed_fold,0,0,0
K02_dist,2,0.05,3.0,0.15000000000000002,False,1,20260915,21270915,0.8,150.0,300.0,240.0,61,9,0,9,33.81941160025097,0.5544165836106717,0.022176663344426868,0.1180327868852459,extended_but_below_target,0.4375,1.7777777777777777,1.7777777777777777,0.0,True,descriptive_not_predictive,0.5266666666666666,0.6733333333333333,0.14666666666666672,0.36263171568979724,0.3125,0.3075,11,0,not_tested_no_independently_observed_fold,0,0,0
K02_dist,2,0.05,3.0,0.15000000000000002,False,2,20260916,21270916,0.8,150.0,300.0,240.0,61,13,0,13,45.70580795733646,0.7492755402842043,0.029971021611368172,0.1180327868852459,extended_but_below_target,0.9064748201438849,10.692307692307695,10.692307692307692,3.552713678800501e-15,True,descriptive_not_predictive,0.52,0.6733333333333333,0.15333333333333332,0.12484353320324366,0.2833333333333333,0.2683333333333333,13,0,not_tested_no_independently_observed_fold,0,0,0
K02_dist,2,0.05,3.0,0.15000000000000002,False,3,20260917,21270917,0.8,150.0,300.0,240.0,61,10,0,10,35.412615985060874,0.5805346882796865,0.023221387531187458,0.1180327868852459,extended_but_below_target,0.8076923076923077,5.2,5.2,0.0,True,descriptive_not_predictive,0.5133333333333333,0.6733333333333333,0.16000000000000003,0.22383049292154306,0.2816666666666667,0.2816666666666667,10,0,not_tested_no_independently_observed_fold,0,0,0
K02_dist,2,0.05,3.0,0.15000000000000002,False,4,20260918,21270918,0.8,150.0,300.0,240.0,61,14,0,14,53.09600171221751,0.8704262575773362,0.03481705030309345,0.1180327868852459,extended_but_below_target,0.8852459016393442,8.714285714285714,8.714285714285714,0.0,True,descriptive_not_predictive,0.5066666666666667,0.6733333333333333,0.16666666666666663,0.14926550986451165,0.35583333333333333,0.31583333333333335,14,0,not_tested_no_independently_observed_fold,0,0,0
K02_dist,2,0.05,3.0,0.15000000000000002,False,5,20260919,21270919,0.8,150.0,300.0,240.0,61,5,0,5,18.2885124076993,0.29981167881474263,0.011992467152589704,0.1180327868852459,extended_but_below_target,0.9285714285714286,14.000000000000007,14.0,7.105427357601002e-15,True,descriptive_not_predictive,0.56,0.6733333333333333,0.11333333333333329,0.22440340296626324,0.26916666666666667,0.2375,5,0,not_tested_no_independently_observed_fold,0,0,0
K04_dist,4,0.05,3.0,0.15000000000000002,False,0,20260914,21280914,0.8,150.0,300.0,240.0,60,11,0,11,42.08890642749471,0.7014817737915785,0.02805927095166314,0.24,extended_but_below_target,0.9083333333333333,10.909090909090908,10.909090909090908,0.0,True,descriptive_not_predictive,0.5,0.6733333333333333,0.17333333333333334,0.2439639360755328,0.4508333333333333,0.38083333333333336,10,0,not_tested_no_independently_observed_fold,0,0,0
K04_dist,4,0.05,3.0,0.15000000000000002,False,1,20260915,21280915,0.8,150.0,300.0,240.0,61,16,0,16,63.82115952986605,1.04624851688305,0.041849940675322,0.2360655737704918,extended_but_below_target,0.8980891719745223,9.812500000000002,9.8125,1.7763568394002505e-15,True,descriptive_not_predictive,0.43333333333333335,0.6733333333333333,0.24,0.448509405697038,0.5625,0.44916666666666666,16,0,not_tested_no_independently_observed_fold,0,0,0
K04_dist,4,0.05,3.0,0.15000000000000002,False,2,20260916,21280916,0.8,150.0,300.0,240.0,61,14,0,14,51.84081622208177,0.8498494462636356,0.03399397785054542,0.2360655737704918,extended_but_below_target,0.8870967741935484,8.857142857142856,8.857142857142858,-1.7763568394002505e-15,True,descriptive_not_predictive,0.4666666666666667,0.6733333333333333,0.20666666666666667,0.16037678067009037,0.4508333333333333,0.4008333333333333,15,0,not_tested_no_independently_observed_fold,0,0,0
K04_dist,4,0.05,3.0,0.15000000000000002,False,3,20260917,21280917,0.8,150.0,300.0,240.0,61,19,0,19,72.75522259693652,1.1927085671628939,0.047708342686515755,0.2360655737704918,extended_but_below_target,0.8733333333333333,7.894736842105261,7.894736842105263,-1.7763568394002505e-15,True,descriptive_not_predictive,0.4,0.6733333333333333,0.2733333333333333,0.34419754451329754,0.6425,0.5225,21,0,not_tested_no_independently_observed_fold,0,0,0
K04_dist,4,0.05,3.0,0.15000000000000002,False,4,20260918,21280918,0.8,150.0,300.0,240.0,61,18,0,18,58.411411327394376,0.9575641201212193,0.03830256480484877,0.2360655737704918,extended_but_below_target,0.7954545454545454,4.8888888888888875,4.888888888888889,-1.7763568394002505e-15,True,descriptive_not_predictive,0.46,0.6733333333333333,0.21333333333333332,0.2050381147699571,0.5966666666666667,0.4708333333333333,19,0,not_tested_no_independently_observed_fold,0,0,0
K04_dist,4,0.05,3.0,0.15000000000000002,False,5,20260919,21280919,0.8,150.0,300.0,240.0,61,16,0,16,52.82103260939637,0.8659185673671536,0.03463674269468614,0.2360655737704918,extended_but_below_target,0.8857142857142857,8.749999999999996,8.75,-3.552713678800501e-15,True,descriptive_not_predictive,0.3933333333333333,0.6733333333333333,0.28,0.3309202270855329,0.615,0.455,16,0,not_tested_no_independently_observed_fold,0,0,0
K08_dist,8,0.05,3.0,0.15000000000000002,False,0,20260914,21290914,0.8,150.0,300.0,240.0,60,33,0,33,121.47926354041806,2.024654392340301,0.08098617569361205,0.48,extended_but_below_target,0.8595744680851064,7.121212121212122,7.121212121212121,8.881784197001252e-16,True,descriptive_not_predictive,0.32666666666666666,0.6733333333333333,0.3466666666666667,0.4192611428350316,1.1866666666666668,0.7483333333333333,37,0,not_tested_no_independently_observed_fold,0,0,0
K08_dist,8,0.05,3.0,0.15000000000000002,False,1,20260915,21290915,0.8,150.0,300.0,240.0,61,31,0,31,113.13290562666278,1.8546377971584063,0.07418551188633625,0.4721311475409836,extended_but_below_target,0.8165680473372781,5.451612903225805,5.451612903225806,-8.881784197001252e-16,True,descriptive_not_predictive,0.3466666666666667,0.6733333333333333,0.32666666666666666,0.5213835191624149,1.32,0.7883333333333333,37,0,not_tested_no_independently_observed_fold,0,0,0
K08_dist,8,0.05,3.0,0.15000000000000002,False,2,20260916,21290916,0.8,150.0,300.0,240.0,61,25,0,25,96.41621306423815,1.5805936567907894,0.06322374627163158,0.4721311475409836,extended_but_below_target,0.8275862068965517,5.8,5.8,0.0,True,descriptive_not_predictive,0.34,0.6733333333333333,0.3333333333333333,0.25627763251723285,0.9908333333333333,0.6625,29,0,not_tested_no_independently_observed_fold,0,0,0
K08_dist,8,0.05,3.0,0.15000000000000002,False,3,20260917,21290917,0.8,150.0,300.0,240.0,61,30,0,30,115.26128279644867,1.8895292261712897,0.07558116904685158,0.4721311475409836,extended_but_below_target,0.7887323943661971,4.7333333333333325,4.733333333333333,-8.881784197001252e-16,True,descriptive_not_predictive,0.3933333333333333,0.6733333333333333,0.28,0.33611046926219257,1.045,0.7266666666666667,33,0,not_tested_no_independently_observed_fold,0,0,0
K08_dist,8,0.05,3.0,0.15000000000000002,False,4,20260918,21290918,0.8,150.0,300.0,240.0,61,30,0,30,108.32278749687744,1.7757834015881548,0.0710313360635262,0.4721311475409836,extended_but_below_target,0.8181818181818182,5.500000000000002,5.5,1.7763568394002505e-15,True,descriptive_not_predictive,0.3,0.6733333333333333,0.37333333333333335,0.2984047628260764,1.2708333333333333,0.7558333333333334,35,0,not_tested_no_independently_observed_fold,0,0,0
K08_dist,8,0.05,3.0,0.15000000000000002,False,5,20260919,21290919,0.8,150.0,300.0,240.0,61,32,0,32,121.99071560861914,1.999847796862609,0.07999391187450436,0.4721311475409836,extended_but_below_target,0.8171428571428572,5.468750000000001,5.46875,8.881784197001252e-16,True,descriptive_not_predictive,0.30666666666666664,0.6733333333333333,0.3666666666666667,0.47177317980552896,1.3766666666666667,0.8616666666666667,39,0,not_tested_no_independently_observed_fold,0,0,0
K12_dist,12,0.05,3.0,0.15000000000000002,False,0,20260914,21300914,0.8,150.0,300.0,240.0,60,49,0,49,172.50859599126366,2.8751432665210612,0.11500573066084245,0.72,target_domain_reached,0.8115384615384615,5.3061224489795915,5.3061224489795915,0.0,True,descriptive_not_predictive,0.2733333333333333,0.6733333333333333,0.4,0.4814766087528537,1.7608333333333333,0.8433333333333334,56,0,not_tested_no_independently_observed_fold,0,0,0
K12_dist,12,0.05,3.0,0.15000000000000002,False,1,20260915,21300915,0.8,150.0,300.0,240.0,61,46,0,46,148.02850825036487,2.4266968565633587,0.09706787426253434,0.7081967213114754,extended_but_below_target,0.7458563535911602,3.934782608695652,3.9347826086956523,-4.440892098500626e-16,True,descriptive_not_predictive,0.29333333333333333,0.6733333333333333,0.38,0.5751037307698683,2.0433333333333334,0.9316666666666666,58,0,not_tested_no_independently_observed_fold,0,0,0
K12_dist,12,0.05,3.0,0.15000000000000002,False,2,20260916,21300916,0.8,150.0,300.0,240.0,61,50,0,50,162.5557870234932,2.664848967598249,0.10659395870392997,0.7081967213114754,target_domain_reached,0.7474747474747475,3.9600000000000004,3.96,4.440892098500626e-16,True,descriptive_not_predictive,0.30666666666666664,0.6733333333333333,0.3666666666666667,0.30711626801399666,1.5558333333333334,0.8275,58,0,not_tested_no_independently_observed_fold,0,0,0
K12_dist,12,0.05,3.0,0.15000000000000002,False,3,20260917,21300917,0.8,150.0,300.0,240.0,61,46,0,46,164.88210445967098,2.702985319011,0.10811941276043999,0.7081967213114754,target_domain_reached,0.7955555555555556,4.891304347826087,4.891304347826087,0.0,True,descriptive_not_predictive,0.28,0.6733333333333333,0.3933333333333333,0.5000250965997977,1.7975,0.8783333333333333,57,0,not_tested_no_independently_observed_fold,0,0,0
K12_dist,12,0.05,3.0,0.15000000000000002,False,4,20260918,21300918,0.8,150.0,300.0,240.0,61,57,0,57,205.25199482223866,3.364786800364568,0.1345914720145827,0.7081967213114754,target_domain_reached,0.797153024911032,4.9298245614035086,4.9298245614035086,0.0,True,descriptive_not_predictive,0.24666666666666667,0.6733333333333333,0.42666666666666664,0.44084488200728594,2.046666666666667,0.9008333333333334,68,0,not_tested_no_independently_observed_fold,0,0,0
K12_dist,12,0.05,3.0,0.15000000000000002,False,5,20260919,21300919,0.8,150.0,300.0,240.0,61,53,0,53,190.78634773988188,3.1276450449160964,0.12510580179664385,0.7081967213114754,target_domain_reached,0.8239202657807309,5.679245283018867,5.679245283018868,-8.881784197001252e-16,True,descriptive_not_predictive,0.2866666666666667,0.6733333333333333,0.38666666666666666,0.4962393795501405,1.82,0.89,65,0,not_tested_no_independently_observed_fold,0,0,0
K16_dist,16,0.05,3.0,0.15000000000000002,False,0,20260914,21310914,0.8,150.0,300.0,240.0,60,54,0,54,228.03464040984184,3.800577340164031,0.15202309360656124,0.96,target_domain_reached,0.6170212765957447,2.611111111111111,2.611111111111111,0.0,True,descriptive_not_predictive,0.18666666666666668,0.6733333333333333,0.4866666666666667,0.5444911857867009,2.3991666666666664,0.93,74,0,not_tested_no_independently_observed_fold,0,0,0
K16_dist,16,0.05,3.0,0.15000000000000002,False,1,20260915,21310915,0.8,150.0,300.0,240.0,61,42,0,42,195.61680555952466,3.2068328780249944,0.12827331512099976,0.9442622950819672,target_domain_reached,0.8082191780821918,5.214285714285714,5.214285714285714,0.0,True,descriptive_not_predictive,0.14666666666666667,0.6733333333333333,0.5266666666666666,0.7917492993405224,2.216666666666667,0.9175,58,0,not_tested_no_independently_observed_fold,0,0,0
K16_dist,16,0.05,3.0,0.15000000000000002,False,2,20260916,21310916,0.8,150.0,300.0,240.0,61,61,0,61,184.99466964006936,3.032699502296219,0.12130798009184876,0.9442622950819672,target_domain_reached,0.655367231638418,2.9016393442622945,2.901639344262295,-4.440892098500626e-16,True,descriptive_not_predictive,0.16666666666666666,0.6733333333333333,0.5066666666666667,0.42320849525430976,2.5391666666666666,0.98,78,0,not_tested_no_independently_observed_fold,0,0,0
K16_dist,16,0.05,3.0,0.15000000000000002,False,3,20260917,21310917,0.8,150.0,300.0,240.0,61,63,0,63,256.41669325597184,4.203552348458555,0.16814209393834217,0.9442622950819672,target_domain_reached,0.6337209302325582,2.7301587301587302,2.7301587301587302,0.0,True,descriptive_not_predictive,0.18,0.6733333333333333,0.49333333333333335,0.5395563319163521,2.7316666666666665,0.97,79,0,not_tested_no_independently_observed_fold,0,0,0
K16_dist,16,0.05,3.0,0.15000000000000002,False,4,20260918,21310918,0.8,150.0,300.0,240.0,61,52,0,52,173.51080021148795,2.8444393477293106,0.11377757390917242,0.9442622950819672,target_domain_reached,0.7291666666666666,3.6923076923076916,3.6923076923076925,-8.881784197001252e-16,True,descriptive_not_predictive,0.26,0.6733333333333333,0.41333333333333333,0.41996517432186675,2.2525,0.9433333333333334,66,0,not_tested_no_independently_observed_fold,0,0,0
K16_dist,16,0.05,3.0,0.15000000000000002,False,5,20260919,21310919,0.8,150.0,300.0,240.0,61,58,0,58,191.04073411511487,3.131815313362539,0.12527261253450156,0.9442622950819672,target_domain_reached,0.7238095238095238,3.6206896551724137,3.6206896551724137,0.0,True,descriptive_not_predictive,0.13333333333333333,0.6733333333333333,0.54,0.5544166146124118,2.7083333333333335,0.9966666666666667,86,0,not_tested_no_independently_observed_fold,0,0,0
K16_dense,16,0.1,3.0,0.30000000000000004,False,0,20260914,21320914,0.8,150.0,300.0,240.0,60,35,0,35,101.24832165623111,1.687472027603852,0.06749888110415408,0.96,extended_but_below_target,0.4852941176470588,1.942857142857143,1.9428571428571428,2.220446049250313e-16,True,descriptive_not_predictive,0.03333333333333333,0.6733333333333333,0.64,0.7221457040038473,4.3,1.0,107,27,not_tested_no_independently_observed_fold,0,0,0
K16_dense,16,0.1,3.0,0.30000000000000004,False,1,20260915,21320915,0.8,150.0,300.0,240.0,61,58,0,58,182.49936313992367,2.9917928383594043,0.11967171353437617,0.9442622950819672,target_domain_reached,0.5396825396825397,2.172413793103448,2.1724137931034484,-4.440892098500626e-16,True,descriptive_not_predictive,0.02666666666666667,0.6733333333333333,0.6466666666666667,0.8666994654534798,5.408333333333333,1.0,139,15,not_tested_no_independently_observed_fold,0,0,0
K16_dense,16,0.1,3.0,0.30000000000000004,False,2,20260916,21320916,0.8,150.0,300.0,240.0,61,64,0,64,280.30193299979,4.595113655734262,0.18380454622937048,0.9442622950819672,target_domain_reached,0.4666666666666667,1.875,1.875,0.0,True,descriptive_not_predictive,0.02,0.6733333333333333,0.6533333333333333,0.6350001381971359,3.933333333333333,1.0,98,37,not_tested_no_independently_observed_fold,0,0,0
K16_dense,16,0.1,3.0,0.30000000000000004,False,3,20260917,21320917,0.8,150.0,300.0,240.0,61,41,0,41,114.89021987217227,1.8834462274126602,0.07533784909650641,0.9442622950819672,extended_but_below_target,0.6272727272727273,2.682926829268293,2.682926829268293,0.0,True,descriptive_not_predictive,0.03333333333333333,0.6733333333333333,0.64,0.7258993593180793,4.288333333333333,1.0,118,23,not_tested_no_independently_observed_fold,0,0,0
K16_dense,16,0.1,3.0,0.30000000000000004,False,4,20260918,21320918,0.8,150.0,300.0,240.0,61,66,0,66,194.72047765425097,3.1921389779385403,0.12768555911754162,0.9442622950819672,target_domain_reached,0.46774193548387094,1.878787878787879,1.878787878787879,0.0,True,descriptive_not_predictive,0.05333333333333334,0.6733333333333333,0.62,0.6249130740018023,5.355833333333333,0.9966666666666667,162,0,not_tested_no_independently_observed_fold,0,0,0
K16_dense,16,0.1,3.0,0.30000000000000004,False,5,20260919,21320919,0.8,150.0,300.0,240.0,61,53,0,53,159.44369732160223,2.6138311036328234,0.10455324414531293,0.9442622950819672,target_domain_reached,0.5,2.0,2.0,0.0,True,descriptive_not_predictive,0.06,0.6733333333333333,0.6133333333333333,0.6761839901382518,4.910833333333334,1.0,157,0,not_tested_no_independently_observed_fold,0,0,0
K16_midload,16,0.05,3.0,0.15000000000000002,False,0,20260914,21330914,0.35,150.0,300.0,240.0,37,52,0,52,228.08562240536847,6.164476281226174,0.24657905124904697,1.5567567567567568,target_domain_reached,0.776824034334764,4.480769230769232,4.480769230769231,8.881784197001252e-16,True,descriptive_not_predictive,0.2,0.37333333333333335,0.17333333333333334,0.21022703025411696,2.22,0.9683333333333334,65,0,not_tested_no_independently_observed_fold,0,0,0
K16_midload,16,0.05,3.0,0.15000000000000002,False,1,20260915,21330915,0.35,150.0,300.0,240.0,41,50,0,50,163.6583837059438,3.991667895266922,0.15966671581067687,1.404878048780488,target_domain_reached,0.6644295302013423,2.9800000000000004,2.98,4.440892098500626e-16,True,descriptive_not_predictive,0.19333333333333333,0.42,0.22666666666666666,0.13131292806562708,2.48,0.9458333333333333,68,0,not_tested_no_independently_observed_fold,0,0,0
K16_midload,16,0.05,3.0,0.15000000000000002,False,2,20260916,21330916,0.35,150.0,300.0,240.0,39,47,1,47,224.9911576765351,5.76900404298808,0.23076016171952318,1.4769230769230768,target_domain_reached,0.7151515151515152,3.510638297872341,3.5106382978723403,8.881784197001252e-16,True,descriptive_not_predictive,0.14666666666666667,0.41333333333333333,0.26666666666666666,0.2978289782809383,2.035833333333333,0.97,69,14,not_tested_no_independently_observed_fold,0,0,0
K16_midload,16,0.05,3.0,0.15000000000000002,False,3,20260917,21330917,0.35,150.0,300.0,240.0,33,49,0,49,160.37247023212555,4.859771825215926,0.19439087300863706,1.7454545454545454,target_domain_reached,0.689873417721519,3.2244897959183674,3.2244897959183674,0.0,True,descriptive_not_predictive,0.2,0.36666666666666664,0.16666666666666663,0.12470555718321073,2.265,0.965,63,0,not_tested_no_independently_observed_fold,0,0,0
K16_midload,16,0.05,3.0,0.15000000000000002,False,4,20260918,21330918,0.35,150.0,300.0,240.0,33,43,2,43,210.1028849336096,6.3667540888972605,0.2546701635558904,1.7454545454545454,target_domain_reached,0.6446280991735537,2.8139534883720927,2.813953488372093,-4.440892098500626e-16,True,descriptive_not_predictive,0.11333333333333333,0.34,0.22666666666666668,0.2220363624302795,2.1325,0.9941666666666666,73,13,not_tested_no_independently_observed_fold,0,0,0
K16_midload,16,0.05,3.0,0.15000000000000002,False,5,20260919,21330919,0.35,150.0,300.0,240.0,32,61,0,61,251.46985942861645,7.858433107144264,0.31433732428577055,1.8,target_domain_reached,0.6303030303030303,2.704918032786885,2.7049180327868854,-4.440892098500626e-16,True,descriptive_not_predictive,0.18,0.35333333333333333,0.17333333333333334,0.18102077932128627,2.609166666666667,0.965,88,0,not_tested_no_independently_observed_fold,0,0,0
K16_long,16,0.025,10.0,0.25,False,0,20260914,21340914,0.2,150.0,300.0,240.0,13,24,0,24,238.14929529827285,18.319176561405605,0.7327670624562242,4.430769230769231,target_domain_reached,0.7272727272727273,3.666666666666667,3.6666666666666665,4.440892098500626e-16,True,descriptive_not_predictive,0.09333333333333334,0.2,0.10666666666666667,0.13038977120082257,4.009166666666666,0.9983333333333333,34,0,not_tested_no_independently_observed_fold,0,0,0
K16_long,16,0.025,10.0,0.25,False,1,20260915,21340915,0.2,150.0,300.0,240.0,25,24,1,24,265.30746609253305,10.612298643701322,0.4244919457480529,2.3040000000000003,target_domain_reached,0.6666666666666666,2.9999999999999996,3.0,-4.440892098500626e-16,True,descriptive_not_predictive,0.02666666666666667,0.26,0.23333333333333334,0.21662389925981618,3.658333333333333,1.0,34,7,not_tested_no_independently_observed_fold,0,0,0
K16_long,16,0.025,10.0,0.25,False,2,20260916,21340916,0.2,150.0,300.0,240.0,19,26,0,26,272.2136041380553,14.327031796739753,0.5730812718695901,3.0315789473684207,target_domain_reached,0.803030303030303,5.076923076923076,5.076923076923077,-8.881784197001252e-16,True,descriptive_not_predictive,0.06666666666666667,0.19333333333333333,0.12666666666666665,0.15482435144084336,3.6391666666666667,0.9866666666666667,35,9,not_tested_no_independently_observed_fold,0,0,0
K16_long,16,0.025,10.0,0.25,False,3,20260917,21340917,0.2,150.0,300.0,240.0,11,23,0,23,235.86430455281604,21.442209504801458,0.8576883801920583,5.236363636363636,target_domain_reached,0.7051282051282052,3.3913043478260874,3.391304347826087,4.440892098500626e-16,True,descriptive_not_predictive,0.09333333333333334,0.16666666666666666,0.07333333333333332,0.10761046097036502,3.611666666666667,0.9883333333333333,30,0,not_tested_no_independently_observed_fold,0,0,0
K16_long,16,0.025,10.0,0.25,False,4,20260918,21340918,0.2,150.0,300.0,240.0,29,23,0,23,250.7535876061316,8.646675434694192,0.34586701738776765,1.986206896551724,target_domain_reached,0.43902439024390244,1.7826086956521738,1.7826086956521738,0.0,True,descriptive_not_predictive,0.06666666666666667,0.2733333333333333,0.20666666666666667,0.15799912659410395,3.9408333333333334,1.0,34,0,not_tested_no_independently_observed_fold,0,0,0
K16_long,16,0.025,10.0,0.25,False,5,20260919,21340919,0.2,150.0,300.0,240.0,20,15,2,15,188.9120421240833,9.445602106204166,0.37782408424816666,2.88,target_domain_reached,0.8333333333333334,6.000000000000002,6.0,1.7763568394002505e-15,True,descriptive_not_predictive,0.04,0.20666666666666667,0.16666666666666666,0.18352402695396927,3.464166666666667,1.0,32,10,not_tested_no_independently_observed_fold,0,0,0
K16_extreme,16,0.025,10.0,0.25,False,0,20260914,21350914,0.1,150.0,300.0,240.0,4,18,0,18,152.65122473886646,38.162806184716615,1.5265122473886645,14.4,above_target_domain,0.4857142857142857,1.9444444444444446,1.9444444444444444,2.220446049250313e-16,True,descriptive_not_predictive,0.04666666666666667,0.05333333333333334,0.006666666666666668,-6.500793251557482e-05,3.930833333333333,1.0,34,0,not_tested_no_independently_observed_fold,0,0,0
K16_extreme,16,0.025,10.0,0.25,False,1,20260915,21350915,0.1,150.0,300.0,240.0,13,18,0,18,155.18387388744014,11.937221068264627,0.47748884273058506,4.430769230769231,target_domain_reached,0.7142857142857143,3.5,3.5,0.0,True,descriptive_not_predictive,0.07333333333333333,0.10666666666666667,0.03333333333333334,-0.03219750029021399,3.1825,0.9883333333333333,29,0,not_tested_no_independently_observed_fold,0,0,0
K16_extreme,16,0.025,10.0,0.25,False,2,20260916,21350916,0.1,150.0,300.0,240.0,7,16,0,16,254.0838100850959,36.2976871550137,1.4519074862005479,8.22857142857143,above_target_domain,0.7777777777777778,4.5,4.5,0.0,True,descriptive_not_predictive,0.03333333333333333,0.08666666666666667,0.05333333333333334,0.07060458482816567,3.985,1.0,36,5,not_tested_no_independently_observed_fold,0,0,0
K16_extreme,16,0.025,10.0,0.25,False,3,20260917,21350917,0.1,150.0,300.0,240.0,10,21,0,21,176.68936021067591,17.66893602106759,0.7067574408427036,5.76,target_domain_reached,0.676923076923077,3.095238095238096,3.0952380952380953,4.440892098500626e-16,True,descriptive_not_predictive,0.08,0.1,0.020000000000000004,0.0012015411744545398,4.285833333333334,1.0,33,0,not_tested_no_independently_observed_fold,0,0,0
K16_extreme,16,0.025,10.0,0.25,False,4,20260918,21350918,0.1,150.0,300.0,240.0,9,16,0,16,176.48834087180717,19.60981565242302,0.7843926260969208,6.4,target_domain_reached,0.627906976744186,2.6875,2.6875,0.0,True,descriptive_not_predictive,0.04,0.1,0.060000000000000005,0.003927673147191005,3.4658333333333333,1.0,34,1,not_tested_no_independently_observed_fold,0,0,0
K16_extreme,16,0.025,10.0,0.25,False,5,20260919,21350919,0.1,150.0,300.0,240.0,9,21,0,21,268.88392061120203,29.87599117902245,1.195039647160898,6.4,above_target_domain,0.6666666666666666,2.9999999999999996,3.0,-4.440892098500626e-16,True,descriptive_not_predictive,0.06,0.09333333333333334,0.03333333333333334,0.004735849995301297,3.4975,0.995,29,0,not_tested_no_independently_observed_fold,0,0,0
