sweep,condition_value,speed_m_per_s,robot_count,replication,split,causal_events,primary_events,unique_causal_robots,censored_causal_events,treated_traversal_rate_per_s,control_traversal_rate_per_s,attributable_rate_loss_per_s,attributable_severity_s,traversal_loss,collision_count,crossing_violation_count
speed,0.6,0.6,20,0,training,2,1,2,0,0.19957574218806404,0.2000000000000063,0.00042425781194227463,5.091093743312246,0.05091093743307435,0,0
speed,0.6,0.6,20,1,training,2,1,2,0,0.19949636881094257,0.2000000000000063,0.0005036311890637413,6.04357426876992,0.06043574268765231,0,0
speed,0.6,0.6,20,2,training,2,1,2,0,0.19965972349122502,0.2000000000000063,0.00034027650878129534,4.083318105379016,0.04083318105375919,0,0
speed,0.6,0.6,20,3,training,1,1,1,0,0.1998052876586164,0.2000000000000063,0.00019471234138990212,2.3365480966786514,0.023365480966787307,0,0
speed,0.6,0.6,20,4,training,2,1,2,0,0.19969761916785045,0.2000000000000063,0.000302380832155863,3.628569985872592,0.03628569985870579,0,0
speed,0.6,0.6,20,5,training,1,1,1,0,0.19977134178638148,0.2000000000000063,0.00022865821362483274,2.743898563497986,0.02743898563498064,0,0
speed,0.6,0.6,20,6,validation,2,1,2,0,0.19974152377352303,0.2000000000000063,0.00025847622648328406,3.1017147178015447,0.0310171471779969,0,0
speed,0.6,0.6,20,7,validation,2,1,2,0,0.19967629470755519,0.2000000000000063,0.00032370529245112634,3.884463509415636,0.038844635094134834,0,0
speed,0.6,0.6,20,8,validation,2,1,2,0,0.19950525501963925,0.2000000000000063,0.0004947449803670567,5.936939764409568,0.0593693976440484,0,0
speed,0.6,0.6,20,9,validation,2,1,2,0,0.19969226920564553,0.2000000000000063,0.00030773079436077766,3.692769532331159,0.03692769532329218,0,0
speed,0.6,0.6,20,10,validation,2,1,2,0,0.1995637408925006,0.2000000000000063,0.00043625910750572094,5.23510929007373,0.052351092900690094,0,0
speed,0.6,0.6,20,11,validation,2,1,2,0,0.19966060525497037,0.2000000000000063,0.00033939474503594247,4.072736940434273,0.04072736940431222,0,0
speed,0.8,0.8,20,0,training,2,1,2,0,0.26608999283490414,0.2666666666666817,0.0005766738317775633,5.1900644860086365,0.06920085981331117,0,0
speed,0.8,0.8,20,1,training,3,1,3,0,0.26581024531466885,0.2666666666666817,0.0008564213520128594,7.707792168136974,0.10277056224154345,0,0
speed,0.8,0.8,20,2,training,3,1,3,0,0.2656379175674702,0.2666666666666817,0.0010287490992115234,9.25874189292509,0.12344989190538248,0,0
speed,0.8,0.8,20,3,training,2,1,2,0,0.26633467028415064,0.2666666666666817,0.00033199638253106345,2.987967442790788,0.039839565903731965,0,0
speed,0.8,0.8,20,4,training,3,1,3,0,0.26595008376249457,0.2666666666666817,0.0007165829041871352,6.449246137706075,0.08598994850245537,0,0
speed,0.8,0.8,20,5,training,3,1,3,0,0.26589576887912936,0.2666666666666817,0.0007708977875523493,6.938080087992933,0.09250773450628316,0,0
speed,0.8,0.8,20,6,validation,2,1,2,0,0.2660458604939403,0.2666666666666817,0.000620806172741406,5.587255554682702,0.07449674072896784,0,0
speed,0.8,0.8,20,7,validation,1,1,1,0,0.2665371423517409,0.2666666666666817,0.00012952431494078764,1.165718834466857,0.01554291779289656,0,0
speed,0.8,0.8,20,8,validation,2,1,2,0,0.26635092674525884,0.2666666666666817,0.000315739921422864,2.8416592928169337,0.037888790570746046,0,0
speed,0.8,0.8,20,9,validation,3,1,3,0,0.2655474094200805,0.2666666666666817,0.001119257246601224,10.073315219431715,0.13431086959214938,0,0
speed,0.8,0.8,20,10,validation,3,1,3,0,0.2656771982797844,0.2666666666666817,0.0009894683868972853,8.905215482097052,0.11873620642767667,0,0
speed,0.8,0.8,20,11,validation,3,1,3,0,0.26592075833535456,0.2666666666666817,0.0007459083313271497,6.713174981966187,0.08950899975926016,0,0
speed,1.0,1.0,20,0,training,3,1,3,0,0.3322273901469359,0.33333333333331455,0.0011059431863786329,7.962790941928702,0.1327131823654457,0,0
speed,1.0,1.0,20,1,training,4,1,4,0,0.33200829197293885,0.33333333333331455,0.0013250413603757005,9.540297794707907,0.15900496324509703,0,0
speed,1.0,1.0,20,2,training,3,1,3,0,0.3324054845693286,0.33333333333331455,0.000927848763985939,6.680511100701402,0.1113418516783239,0,0
speed,1.0,1.0,20,3,training,5,1,5,0,0.33093905003829593,0.33333333333331455,0.0023942832950186177,17.23883972413906,0.2873139954022491,0,0
speed,1.0,1.0,20,4,training,3,1,3,0,0.33220861700768844,0.33333333333331455,0.0011247163256261072,8.097957544510244,0.13496595907513817,0,0
speed,1.0,1.0,20,5,training,3,1,3,0,0.3321848693406411,0.33333333333331455,0.001148463992673432,8.268940747250829,0.13781567912081413,0,0
speed,1.0,1.0,20,6,validation,2,1,2,0,0.33290389954121624,0.33333333333331455,0.00042943379209831045,3.0919233031096307,0.05153205505180765,0,0
speed,1.0,1.0,20,7,validation,3,1,3,0,0.3323996838944456,0.33333333333331455,0.0009336494388689776,6.72227595985875,0.11203793266428073,0,0
speed,1.0,1.0,20,8,validation,3,1,3,0,0.3324097761069139,0.33333333333331455,0.0009235572264006398,6.649612030087347,0.11082686716809059,0,0
speed,1.0,1.0,20,9,validation,4,1,4,0,0.3318377239123788,0.33333333333331455,0.0014956094209357396,10.768387830740027,0.17947313051229444,0,0
speed,1.0,1.0,20,10,validation,2,1,2,0,0.3328507869317072,0.33333333333331455,0.0004825464016073311,3.474334091574292,0.05790556819288544,0,0
speed,1.0,1.0,20,11,validation,3,1,3,0,0.3324952611294474,0.33333333333331455,0.0008380722038671684,6.0341198678460675,0.10056866446407303,0,0
speed,1.2,1.2,20,0,training,3,1,3,0,0.39902596925714,0.4000000000000126,0.0009740307428726114,5.84418445723804,0.11688368914471994,0,0
speed,1.2,1.2,20,1,training,4,1,4,0,0.3988632847344601,0.4000000000000126,0.0011367152655525348,6.8202915933185295,0.13640583186631355,0,0
speed,1.2,1.2,20,2,training,4,1,4,0,0.3987358727071742,0.4000000000000126,0.001264127292838424,7.584763757033404,0.15169527514060804,0,0
speed,1.2,1.2,20,3,training,5,1,5,0,0.39826916447431787,0.4000000000000126,0.0017308355256947516,10.38501315417181,0.20770026308337133,0,0
speed,1.2,1.2,20,4,training,5,1,5,0,0.39823016123538907,0.4000000000000126,0.0017698387646235547,10.61903258774461,0.2123806517548298,0,0
speed,1.2,1.2,20,5,training,3,1,3,0,0.39909094436665077,0.4000000000000126,0.0009090556333618549,5.454333800173595,0.10908667600343118,0,0
speed,1.2,1.2,20,6,validation,6,1,6,0,0.39659947366607307,0.4000000000000126,0.0034005263339395575,20.403158003639874,0.40806316007274196,0,0
speed,1.2,1.2,20,7,validation,4,1,4,0,0.39890341900793025,0.4000000000000126,0.0010965809920823744,6.579485952496999,0.1315897190498802,0,0
speed,1.2,1.2,20,8,validation,5,1,5,0,0.39788388541873043,0.4000000000000126,0.0021161145812821913,12.696687487696652,0.25393374975386585,0,0
speed,1.2,1.2,20,9,validation,6,1,6,0,0.39730906821190853,0.4000000000000126,0.0026909317881040895,16.14559072862801,0.32291181457250107,0,0
speed,1.2,1.2,20,10,validation,4,1,4,0,0.3987310815801492,0.4000000000000126,0.0012689184198634296,7.613510519184089,0.15227021038362049,0,0
speed,1.2,1.2,20,11,validation,5,1,5,0,0.3981299895759023,0.4000000000000126,0.0018700104241103355,11.220062544665671,0.2244012508932466,0,0
speed,1.4,1.4,20,0,training,8,1,8,0,0.46274462971875635,0.46666666666666407,0.003922036947907714,20.1704757320911,0.47064443374891124,0,0
speed,1.4,1.4,20,1,training,9,1,9,0,0.4607591750653551,0.46666666666666407,0.0059074916013089895,30.38138537814425,0.7088989921570672,0,0
speed,1.4,1.4,20,2,training,7,1,7,0,0.4631396180275796,0.46666666666666407,0.0035270486390844846,18.1391072867289,0.4232458366901374,0,0
speed,1.4,1.4,20,3,training,8,1,8,0,0.4628180544695993,0.46666666666666407,0.0038486121970647824,19.792862727757413,0.46183346364778305,0,0
speed,1.4,1.4,20,4,training,7,1,7,0,0.4629800441648117,0.46666666666666407,0.0036866225018523657,18.959772866677824,0.4423947002222789,0,0
speed,1.4,1.4,20,5,training,6,1,6,0,0.46419208485468566,0.46666666666666407,0.0024745818119784047,12.726420747325715,0.2969498174374057,0,0
speed,1.4,1.4,20,6,validation,6,1,6,0,0.4641207295748895,0.46666666666666407,0.002545937091774586,13.093390757705635,0.30551245101295116,0,0
speed,1.4,1.4,20,7,validation,5,1,5,0,0.4651416555437231,0.46666666666666407,0.0015250111229409558,7.8429143465602085,0.18300133475290797,0,0
speed,1.4,1.4,20,8,validation,6,1,6,0,0.46404280268450865,0.46666666666666407,0.0026238639821554166,13.494157622521918,0.3148636778586521,0,0
speed,1.4,1.4,20,9,validation,5,1,5,0,0.46529006847239807,0.46666666666666407,0.0013765981942659988,7.079647856231496,0.16519178331191472,0,0
speed,1.4,1.4,20,10,validation,9,1,9,0,0.46153930770701534,0.46666666666666407,0.00512735895964872,26.36927464960595,0.615283075157853,0,0
speed,1.4,1.4,20,11,validation,8,1,8,0,0.46264998985210004,0.46666666666666407,0.004016676814564024,20.6571950463246,0.48200121774768073,0,0
speed,1.5,1.5,20,0,training,11,1,11,0,0.4933129886016322,0.5000000000000168,0.006687011398384568,32.097654712235446,0.8024413678061625,0,0
speed,1.5,1.5,20,1,training,11,1,11,0,0.4923860783909894,0.5000000000000168,0.007613921609027352,36.54682372331996,0.9136705930832804,0,0
speed,1.5,1.5,20,2,training,10,1,10,0,0.49382019333971794,0.5000000000000168,0.0061798066602988255,29.663071969424337,0.7415767992358638,0,0
speed,1.5,1.5,20,3,training,8,1,8,0,0.4961192330507502,0.5000000000000168,0.0038807669492665897,18.627681356472348,0.46569203391200203,0,0
speed,1.5,1.5,20,4,training,8,1,8,0,0.4957794246118939,0.5000000000000168,0.004220575388122871,20.258761862982276,0.5064690465747484,0,0
speed,1.5,1.5,20,5,training,7,1,7,0,0.4974371132363632,0.5000000000000168,0.0025628867636535713,12.301856465530715,0.30754641163842866,0,0
speed,1.5,1.5,20,6,validation,11,1,11,0,0.4930628011477927,0.5000000000000168,0.006937198852224047,33.29855449066465,0.8324638622668933,0,0
speed,1.5,1.5,20,7,validation,10,1,10,0,0.49354030659875275,0.5000000000000168,0.006459693401264011,31.006528326057364,0.7751632081516855,0,0
speed,1.5,1.5,20,8,validation,11,1,11,0,0.4923444975266207,0.5000000000000168,0.007655502473396081,36.74641187228997,0.918660296807522,0,0
speed,1.5,1.5,20,9,validation,11,1,11,0,0.492849920813976,0.5000000000000168,0.00715007918604077,34.32038009298466,0.8580095023248991,0,0
speed,1.5,1.5,20,10,validation,12,1,12,0,0.4919392020164538,0.5000000000000168,0.008060797983562962,38.691830321090144,0.9672957580275607,0,0
speed,1.5,1.5,20,11,validation,7,1,7,0,0.4968779993503876,0.5000000000000168,0.003122000649629142,14.985603118213628,0.37464007795550647,0,0
speed,1.6,1.6,20,0,training,13,1,13,0,0.5242331913903724,0.5333333333333634,0.009100141942991025,40.950638743464076,1.0920170331589223,0,0
speed,1.6,1.6,20,1,training,11,1,11,0,0.5266459005209149,0.5333333333333634,0.006687432812448546,30.09344765603919,0.8024919374938293,0,0
speed,1.6,1.6,20,2,training,14,1,14,0,0.5229476572255789,0.5333333333333634,0.010385676107784514,46.735542485023956,1.246281132934126,0,0
speed,1.6,1.6,20,3,training,11,1,11,0,0.5275890858413741,0.5333333333333634,0.005744247491989318,25.849113713973118,0.6893096990387193,0,0
speed,1.6,1.6,20,4,training,10,1,10,0,0.527819191041625,0.5333333333333634,0.005514142291738411,24.81364031284943,0.6616970750086115,0,0
speed,1.6,1.6,20,5,training,14,1,14,0,0.5228062880850363,0.5333333333333634,0.01052704524832715,47.37170361746562,1.263245429799269,0,0
speed,1.6,1.6,20,6,validation,15,1,15,0,0.522518804881923,0.5333333333333634,0.010814528451440375,48.66537803146613,1.2977434141728466,0,0
speed,1.6,1.6,20,7,validation,10,1,10,0,0.5282823482957107,0.5333333333333634,0.005050985037652667,22.72943266946436,0.6061182045183207,0,0
speed,1.6,1.6,20,8,validation,15,1,15,0,0.5215290464711786,0.5333333333333634,0.01180428686218482,53.11929087981708,1.4165144234621783,0,0
speed,1.6,1.6,20,9,validation,8,1,8,0,0.5304499293065836,0.5333333333333634,0.002883404026779779,12.975318120540544,0.34600848321357913,0,0
speed,1.6,1.6,20,10,validation,8,1,8,0,0.529770610197533,0.5333333333333634,0.0035627231358303924,16.03225411126778,0.42752677629964825,0,0
speed,1.6,1.6,20,11,validation,9,1,9,0,0.528963417537888,0.5333333333333634,0.00436991579547541,19.664621079669743,0.5243898954570625,0,0
speed,1.8,1.8,20,0,training,14,1,14,0,0.5937885667155947,0.6000000000000206,0.006211433284425971,24.84573313768618,0.7453719941311305,0,0
speed,1.8,1.8,20,1,training,20,1,20,0,0.5871334953758397,0.6000000000000206,0.01286650462418093,51.46601849668974,1.5439805549017231,0,0
speed,1.8,1.8,20,2,training,15,1,15,0,0.5933656794840415,0.6000000000000206,0.00663432051597912,26.537282063896615,0.7961184619174891,0,0
speed,1.8,1.8,20,3,training,20,1,20,0,0.5858656976374312,0.6000000000000206,0.01413430236258939,56.53720945032257,1.6961162835107273,0,0
speed,1.8,1.8,20,4,training,20,1,20,0,0.5840239981567138,0.6000000000000206,0.01597600184330683,63.90400737319032,1.9171202211968088,0,0
speed,1.8,1.8,20,5,training,20,1,20,0,0.5779951828276259,0.6000000000000206,0.022004817172394775,88.01926868954106,2.6405780606873903,0,0
speed,1.8,1.8,20,6,validation,16,1,16,0,0.5919016398195441,0.6000000000000206,0.008098360180476494,32.393440721883366,0.9718032216571999,0,0
speed,1.8,1.8,20,7,validation,13,1,13,0,0.5950467718249494,0.6000000000000206,0.004953228175071267,19.812912700269727,0.5943873810085502,0,0
speed,1.8,1.8,20,8,validation,17,1,17,0,0.5907048862606685,0.6000000000000206,0.009295113739352101,37.18045495738316,1.115413648722255,0,0
speed,1.8,1.8,20,9,validation,20,1,20,0,0.5847458486006818,0.6000000000000206,0.015254151399338833,61.01660559731906,1.8304981679206642,0,0
speed,1.8,1.8,20,10,validation,20,1,20,0,0.5880436845734278,0.6000000000000206,0.011956315426592812,47.82526170633796,1.434757851191157,0,0
speed,1.8,1.8,20,11,validation,18,1,18,0,0.5894515381870956,0.6000000000000206,0.010548461812925014,42.193847251670725,1.2658154175509944,0,0
speed,2.0,2.0,20,0,training,20,1,20,0,0.637223238091451,0.6666666666666291,0.02944342857517812,105.99634287068608,3.5332114290214043,0,0
speed,2.0,2.0,20,1,training,20,1,20,0,0.6473827454330492,0.6666666666666291,0.019283921233579915,69.42211644092855,2.3140705480295978,0,0
speed,2.0,2.0,20,2,training,20,1,20,0,0.6469510973016266,0.6666666666666291,0.019715569365002517,70.97604971405026,2.3658683238003153,0,0
speed,2.0,2.0,20,3,training,20,1,20,0,0.6504065281091436,0.6666666666666291,0.016260138557485537,58.53649880698829,1.9512166268982771,0,0
speed,2.0,2.0,20,4,training,20,1,20,0,0.6335652657964866,0.6666666666666291,0.03310140087014246,119.16504313256111,3.97216810441711,0,0
speed,2.0,2.0,20,5,training,20,1,20,0,0.6331016762277308,0.6666666666666291,0.03356499043889827,120.83396558008145,4.027798852667822,0,0
speed,2.0,2.0,20,6,validation,20,1,20,0,0.6443327289387197,0.6666666666666291,0.02233393772790937,80.40217582051712,2.6800725273491457,0,0
speed,2.0,2.0,20,7,validation,20,1,20,0,0.6399270282225173,0.6666666666666291,0.026739638444111757,96.2626983988466,3.2087566132934415,0,0
speed,2.0,2.0,20,8,validation,20,1,20,0,0.6521554478742347,0.6666666666666291,0.014511218792394365,52.24038765265794,1.7413462550873517,0,0
speed,2.0,2.0,20,9,validation,20,1,20,0,0.6444505790109211,0.6666666666666291,0.02221608765570804,79.9779155605921,2.6659305186850006,0,0
speed,2.0,2.0,20,10,validation,20,1,20,0,0.6378852965153577,0.6666666666666291,0.028781370151271357,103.61293254462154,3.4537644181525695,0,0
speed,2.0,2.0,20,11,validation,20,1,20,0,0.6383754789806647,0.6666666666666291,0.028291187685964392,101.84827566951697,3.3949425223157528,0,0
density,8,1.2,8,0,training,1,1,1,0,0.15996146842045342,0.16000000000000505,3.853157955163722e-05,0.23118947730999073,0.004623789546199456,0,0
density,8,1.2,8,1,training,1,1,1,0,0.159544177196259,0.16000000000000505,0.0004558228037460643,2.7349368224763007,0.05469873644952704,0,0
density,8,1.2,8,2,training,2,1,2,0,0.15890441008746783,0.16000000000000505,0.0010955899125372204,6.573539475224168,0.13147078950446248,0,0
density,8,1.2,8,3,training,1,1,1,0,0.1596249132167091,0.16000000000000505,0.0003750867832959526,2.2505206997756813,0.04501041399551393,0,0
density,8,1.2,8,4,training,1,1,1,0,0.15960346822511998,0.16000000000000505,0.0003965317748850783,2.3791906493104564,0.04758381298621022,0,0
density,8,1.2,8,5,training,1,1,1,0,0.1595637380282243,0.16000000000000505,0.0004362619717807603,2.617571830684385,0.05235143661368843,0,0
density,8,1.2,8,6,validation,1,1,1,0,0.15968938141691733,0.16000000000000505,0.0003106185830877295,1.8637114985263723,0.037274229970528455,0,0
density,8,1.2,8,7,validation,1,1,1,0,0.15999997453618509,0.16000000000000505,2.5463819969262502e-08,0.00015278291987532277,3.055658397480935e-06,0,0
density,8,1.2,8,8,validation,1,1,1,0,0.15949078537949848,0.16000000000000505,0.0005092146205065706,3.0552877230393594,0.0611057544607893,0,0
density,8,1.2,8,9,validation,2,1,2,0,0.15878222065094855,0.16000000000000505,0.001217779349056508,7.30667609433994,0.14613352188678164,0,0
density,8,1.2,8,10,validation,1,1,1,0,0.15969406407804457,0.16000000000000505,0.00030593592196048736,1.8356155317629523,0.03671231063525937,0,0
density,8,1.2,8,11,validation,1,1,1,0,0.15921275808121207,0.16000000000000505,0.0007872419187929802,4.7234515127578165,0.0944690302551597,0,0
density,12,1.2,12,0,training,1,1,1,0,0.23962467189548742,0.2400000000000076,0.0003753281045201784,2.251968627120816,0.045039372542417765,0,0
density,12,1.2,12,1,training,3,1,3,0,0.23808464985994618,0.2400000000000076,0.001915350140061417,11.49210084037037,0.22984201680736854,0,0
density,12,1.2,12,2,training,2,1,2,0,0.23891182531651758,0.2400000000000076,0.001088174683490012,6.5290481009410275,0.1305809620188005,0,0
density,12,1.2,12,3,training,2,1,2,0,0.23915107130408958,0.2400000000000076,0.0008489286959180165,5.093572175508874,0.10187144351015766,0,0
density,12,1.2,12,4,training,2,1,2,0,0.23930821299947638,0.2400000000000076,0.0006917870005312132,4.150722003188436,0.08301444006374416,0,0
density,12,1.2,12,5,training,2,1,2,0,0.2388223324150586,0.2400000000000076,0.0011776675849489993,7.066005509695023,0.14132011019387675,0,0
density,12,1.2,12,6,validation,3,1,3,0,0.23853479935524766,0.2400000000000076,0.0014652006447599397,8.791203868561514,0.17582407737119182,0,0
density,12,1.2,12,7,validation,1,1,1,0,0.2397226044169666,0.2400000000000076,0.0002773955830409902,1.6643734982458944,0.03328746996491863,0,0
density,12,1.2,12,8,validation,2,1,2,0,0.23901040037214782,0.2400000000000076,0.0009895996278597718,5.937597767159513,0.11875195534316939,0,0
density,12,1.2,12,9,validation,2,1,2,0,0.23907926836557675,0.2400000000000076,0.0009207316344308492,5.524389806585862,0.11048779613169775,0,0
density,12,1.2,12,10,validation,2,1,2,0,0.23929452976740104,0.2400000000000076,0.0007054702326065587,4.232821395640225,0.08465642791278137,0,0
density,12,1.2,12,11,validation,2,1,2,0,0.2387827668286965,0.2400000000000076,0.0012172331713110884,7.303399027867677,0.14606798055733208,0,0
density,16,1.2,16,0,training,3,1,3,0,0.31917086762478863,0.3200000000000101,0.0008291323752214752,4.974794251330488,0.09949588502657368,0,0
density,16,1.2,16,1,training,3,1,3,0,0.3191024483372059,0.3200000000000101,0.0008975516628041968,5.385309976826905,0.10770619953649903,0,0
density,16,1.2,16,2,training,4,1,4,0,0.3180804364210498,0.3200000000000101,0.0019195635789603371,11.517381473764821,0.23034762947524237,0,0
density,16,1.2,16,3,training,2,1,2,0,0.3193199987723662,0.3200000000000101,0.0006800012276438894,4.080007365864343,0.08160014731726477,0,0
density,16,1.2,16,4,training,3,1,3,0,0.3188190566856376,0.3200000000000101,0.0011809433143725179,7.08565988623733,0.14171319772470337,0,0
density,16,1.2,16,5,training,2,1,2,0,0.3194613337931295,0.3200000000000101,0.0005386662068805892,3.231997241284791,0.06463994482566969,0,0
density,16,1.2,16,6,validation,3,1,3,0,0.31911495622338126,0.3200000000000101,0.0008850437766288466,5.310262659774787,0.10620525319545919,0,0
density,16,1.2,16,7,validation,3,1,3,0,0.3189601605481736,0.3200000000000101,0.0010398394518364995,6.239036711021024,0.12478073422037757,0,0
density,16,1.2,16,8,validation,4,1,4,0,0.3177995936802859,0.3200000000000101,0.002200406319724235,13.202437918347263,0.2640487583669104,0,0
density,16,1.2,16,9,validation,3,1,3,0,0.3184009094270699,0.3200000000000101,0.0015990905729402205,9.594543437643553,0.19189086875283057,0,0
density,16,1.2,16,10,validation,4,1,4,0,0.3179530984752286,0.3200000000000101,0.002046901524781486,12.281409148691878,0.24562818297378614,0,0
density,16,1.2,16,11,validation,4,1,4,0,0.31765054508459983,0.3200000000000101,0.002349454915410276,14.09672949246367,0.2819345898492339,0,0
density,20,1.2,20,0,training,5,1,5,0,0.39781929827439144,0.4000000000000126,0.0021807017256211814,13.084210353730198,0.2616842070745387,0,0
density,20,1.2,20,1,training,3,1,3,0,0.39900963593765587,0.4000000000000126,0.0009903640623567522,5.942184374142773,0.11884368748281228,0,0
density,20,1.2,20,2,training,5,1,5,0,0.3976979507622328,0.4000000000000126,0.002302049237779824,13.812295426682589,0.27624590853358344,0,0
density,20,1.2,20,3,training,7,1,7,0,0.396218185619739,0.4000000000000126,0.0037818143802736404,22.69088628164446,0.45381772563284006,0,0
density,20,1.2,20,4,training,5,1,5,0,0.3976065077564746,0.4000000000000126,0.00239349224353802,14.36095346123165,0.28721906922456714,0,0
density,20,1.2,20,5,training,5,1,5,0,0.3980512213840663,0.4000000000000126,0.0019487786159463338,11.69267169568168,0.23385343391356392,0,0
density,20,1.2,20,6,validation,4,1,4,0,0.3988966152584354,0.4000000000000126,0.001103384741577229,6.620308449466475,0.13240616898927016,0,0
density,20,1.2,20,7,validation,5,1,5,0,0.39761283013841897,0.4000000000000126,0.002387169861593652,14.323019169565288,0.28646038339123836,0,0
density,20,1.2,20,8,validation,7,1,7,0,0.39622457316885457,0.4000000000000126,0.0037754268311580574,22.652560986951237,0.45305121973897305,0,0
density,20,1.2,20,9,validation,6,1,6,0,0.39735849862602507,0.4000000000000126,0.0026415013739875537,15.849008243928441,0.3169801648785035,0,0
density,20,1.2,20,10,validation,5,1,5,0,0.3980188306901754,0.4000000000000126,0.0019811693098372163,11.887015859027013,0.23774031718047298,0,0
density,20,1.2,20,11,validation,4,1,4,0,0.3983606718237327,0.4000000000000126,0.0016393281762799305,9.83596905768255,0.19671938115359494,0,0
density,24,1.2,24,0,training,9,1,9,0,0.47577672831038675,0.4800000000000152,0.004223271689628438,25.339630137773945,0.5067926027554132,0,0
density,24,1.2,24,1,training,8,1,8,0,0.4770250116541158,0.4800000000000152,0.0029749883458993764,17.849930075400444,0.35699860150792045,0,0
density,24,1.2,24,2,training,9,1,9,0,0.4756806276290196,0.4800000000000152,0.004319372370995611,25.916234225976577,0.5183246845194731,0,0
density,24,1.2,24,3,training,11,1,11,0,0.474383115951782,0.4800000000000152,0.005616884048233184,33.70130428940011,0.6740260857879823,0,0
density,24,1.2,24,4,training,11,1,11,0,0.47358711290050537,0.4800000000000152,0.006412887099509823,38.47732259705901,0.769546451941172,0,0
density,24,1.2,24,5,training,10,1,10,0,0.47557362300506856,0.4800000000000152,0.004426376994946635,26.558261969682626,0.5311652393935921,0,0
density,24,1.2,24,6,validation,11,1,11,0,0.47448115974359795,0.4800000000000152,0.005518840256417246,33.113041538504376,0.662260830770064,0,0
density,24,1.2,24,7,validation,6,1,6,0,0.4779864976760563,0.4800000000000152,0.0020135023239589156,12.08101394375758,0.2416202788750695,0,0
density,24,1.2,24,8,validation,5,1,5,0,0.47871441598243497,0.4800000000000152,0.0012855840175802213,7.71350410548504,0.15427008210962517,0,0
density,24,1.2,24,9,validation,9,1,9,0,0.4762722458773236,0.4800000000000152,0.0037277541226916067,22.366524736153195,0.4473304947229939,0,0
density,24,1.2,24,10,validation,5,1,5,0,0.47874601668290356,0.4800000000000152,0.0012539833171116288,7.523899902673197,0.15047799805339016,0,0
density,24,1.2,24,11,validation,10,1,10,0,0.4748636672399193,0.4800000000000152,0.005136332760095896,30.817996560577555,0.6163599312115082,0,0
density,28,1.2,28,0,training,11,1,11,0,0.5569900736522777,0.5600000000000177,0.0030099263477399996,18.059558086443815,0.361191161728802,0,0
density,28,1.2,28,1,training,16,1,16,0,0.5534343199732104,0.5600000000000177,0.006565680026807352,39.39408016084194,0.7878816032168824,0,0
density,28,1.2,28,2,training,14,1,14,0,0.555358198664962,0.5600000000000177,0.004641801335055651,27.850808010335644,0.5570161602066813,0,0
density,28,1.2,28,3,training,11,1,11,0,0.5569472686323805,0.5600000000000177,0.0030527313676371737,18.316388205826513,0.3663277641164522,0,0
density,28,1.2,28,4,training,12,1,12,0,0.5566109225578431,0.5600000000000177,0.0033890774421746483,20.334464653050944,0.40668929306094886,0,0
density,28,1.2,28,5,training,14,1,14,0,0.5551050140893063,0.5600000000000177,0.004894985910711358,29.36991546426979,0.5873983092853721,0,0
density,28,1.2,28,6,validation,18,1,18,0,0.5516854687615098,0.5600000000000177,0.008314531238507894,49.8871874310409,0.9977437486209458,0,0
density,28,1.2,28,7,validation,20,1,20,0,0.550602817315568,0.5600000000000177,0.009397182684449668,56.38309610668919,1.1276619221339643,0,0
density,28,1.2,28,8,validation,12,1,12,0,0.5563468957984911,0.5600000000000177,0.003653104201526647,21.918625209162908,0.4383725041831928,0,0
density,28,1.2,28,9,validation,20,1,20,0,0.5502184140226434,0.5600000000000177,0.00978158597737433,58.68951586423649,1.17379031728492,0,0
density,28,1.2,28,10,validation,18,1,18,0,0.5524015558156433,0.5600000000000177,0.007598444184374387,45.590665106241275,0.9118133021249321,0,0
density,28,1.2,28,11,validation,23,1,23,0,0.5476276854258408,0.5600000000000177,0.012372314574176868,74.23388744504575,1.484677748901208,0,0
density,32,1.2,32,0,training,32,1,32,0,0.6116508921364011,0.6400000000000202,0.028349107863619105,170.09464718167527,3.401892943634302,0,0
density,32,1.2,32,1,training,32,1,32,0,0.6233371756672134,0.6400000000000202,0.016662824332806858,99.97694599680756,1.9995389199368176,0,0
density,32,1.2,32,2,training,32,1,32,0,0.6216707737343492,0.6400000000000202,0.018329226265671017,109.97535759399089,2.1995071518805136,0,0
density,32,1.2,32,3,training,32,1,32,0,0.6291325187751327,0.6400000000000202,0.010867481224887565,65.20488734929799,1.304097746986509,0,0
density,32,1.2,32,4,training,32,1,32,0,0.6173299437502581,0.6400000000000202,0.02267005624976215,136.0203374985363,2.720406749971467,0,0
density,32,1.2,32,5,training,32,1,32,0,0.6281768919941327,0.6400000000000202,0.011823108005887484,70.93864803529681,1.4187729607065014,0,0
density,32,1.2,32,6,validation,32,1,32,0,0.6293863311900153,0.6400000000000202,0.010613668810004917,63.682012860002814,1.273640257200608,0,0
density,32,1.2,32,7,validation,32,1,32,0,0.6226306855315081,0.6400000000000202,0.017369314468512087,104.21588681103846,2.084317736221452,0,0
density,32,1.2,32,8,validation,32,1,32,0,0.620062224973019,0.6400000000000202,0.019937775027001226,119.62665016197016,2.3925330032401257,0,0
density,32,1.2,32,9,validation,32,1,32,0,0.6134482038300854,0.6400000000000202,0.02655179616993486,159.31077701957042,3.1862155403921903,0,0
density,32,1.2,32,10,validation,32,1,32,0,0.6179457623780978,0.6400000000000202,0.02205423762192238,132.32542573149675,2.646508514630674,0,0
density,32,1.2,32,11,validation,32,1,32,0,0.6277480489350007,0.6400000000000202,0.012251951065019528,73.51170639008896,1.470234127802342,0,0
density,33,1.2,33,0,training,33,1,33,0,0.6390643434014933,0.6600000000000209,0.020935656598527586,125.61393959112723,2.5122787918233085,0,0
density,33,1.2,33,1,training,33,1,33,0,0.6371269133722849,0.6600000000000209,0.022873086627736017,137.2385197663771,2.7447703953283233,0,0
density,33,1.2,33,2,training,33,1,33,0,0.6439546407625406,0.6600000000000209,0.016045359237480294,96.27215542484842,1.9254431084976527,0,0
density,33,1.2,33,3,training,33,1,33,0,0.6267327137440434,0.6600000000000209,0.033267286255977524,199.60371753582203,3.992074350717304,0,0
density,33,1.2,33,4,training,33,1,33,0,0.6275632166253465,0.6600000000000209,0.03243678337467437,194.6207002480034,3.892414004960934,0,0
density,33,1.2,33,5,training,33,1,33,0,0.6292140409805482,0.6600000000000209,0.030785959019472675,184.7157541167928,3.6943150823367104,0,0
density,33,1.2,33,6,validation,33,1,33,0,0.6438394439718829,0.6600000000000209,0.01616055602813804,96.9633361687937,1.9392667233765513,0,0
density,33,1.2,33,7,validation,33,1,33,0,0.6287998101657174,0.6600000000000209,0.031200189834303504,187.20113900577653,3.7440227801163997,0,0
density,33,1.2,33,8,validation,33,1,33,0,0.6244350222495023,0.6600000000000209,0.03556497775051859,213.38986650306651,4.2677973300622245,0,0
density,33,1.2,33,9,validation,33,1,33,0,0.631662746456471,0.6600000000000209,0.02833725354354988,170.0235212612568,3.4004704252259637,0,0
density,33,1.2,33,10,validation,33,1,33,0,0.6251989933622082,0.6600000000000209,0.034801006637812715,208.8060398268332,4.176120796537525,0,0
density,33,1.2,33,11,validation,33,1,33,0,0.6416546167108972,0.6600000000000209,0.018345383289123718,110.07229973470682,2.2014459946948324,0,0
