dimensionless_burden_g_over_T0,R_at_fold
0.0001,0.9900995000124994
0.00010328281259410285,0.9899399428136822
0.0001066733937734857,0.9897778412726465
0.00011017528137883873,0.9896131557057343
0.0001137921293915315,0.9894458458396765
0.00011752771174629451,0.9892758708038137
0.00012138592626906277,0.989103189122247
0.0001253707987440921,0.988927758705924
0.0001294864871145905,0.988749536844654
0.00013373728582124963,0.9885684801990605
0.00013812763028320094,0.9883845447924652
0.00014266210152607368,0.9881976860027101
0.00014734543096198358,0.9880078585539146
0.0001521825053264387,0.9878150165081712
0.00015717837177731627,0.9876191132571805
0.00016233824316122782,0.9874201015138259
0.0001676675034527701,0.9872179333036909
0.00017317171337233545,0.9870125599565182
0.0001788566161883462,0.9868039320976163
0.00018472814370996341,0.9865919996392101
0.0001907924224765265,0.986376711771742
0.00019705578015018004,0.9861580169551213
0.00020352475211835779,0.9859358629099284
0.00021020608831301584,0.985710196608572
0.0002171067602537265,0.9854809642664031
0.0002242339683219845,0.9852481113327886
0.00023159514927431545,0.985011582482148
0.00023919798400202398,0.984771321604952
0.00024705040554568255,0.9845272717986899
0.00025516060737271835,0.9842793753588075
0.0002635370519267393,0.9840275737696179
0.00027218847945751794,0.9837718076951887
0.00028112391714084643,0.983512016970209
0.00029035268849778137,0.9832481405908415
0.00029988442312310306,0.9829801167055602
0.000309729066733141,0.9827078826059803
0.00031989689154345377,0.9824313747176837
0.0003303985069871858,0.9821505285910443
0.0003412448707852889,0.9818652788920571
0.00035244730038015877,0.9815755593931762
0.00036401748474461414,0.9812813029641683
0.0003759674965785468,0.9809824415629833
0.0003883098049059605,0.9806789062266507
0.0004010572880855496,0.9803706270622047
0.0004142232472483898,0.9800575332376483
0.0004278214201767617,0.9797395529729548
0.00044186599563859414,0.9794166135311211
0.00045637162819247586,0.979088641209276
0.0004713534534786907,0.9787555613298466
0.00048682710401222836,0.9784172982317996
0.000502808725494248,0.9780737752619523
0.0005193149936590213,0.9777249147663738
0.0005363631316739246,0.9773706380818737
0.0005539709281106401,0.977010865527594
0.0005721567555063251,0.9766455163967096
0.0005909395895340971,0.976274508948246
0.0006103390288028621,0.9758977603990251
0.0006303753153071281,0.9755151869157493
0.0006510693555481462,0.9751267036072309
0.0006724427423484249,0.9747322245167791
0.0006945177773823696,0.9743316626147588
0.0007173174944465613,0.9739249297913246
0.0007408656834939568,0.9735119368493489
0.0007651869154570826,0.9730925934975524
0.0007903065678861348,0.9726668083438498
0.0008162508514287228,0.9722344888889257
0.0008430468371788967,0.971795541520051
0.0008707224849239922,0.9713498715051547
0.0008993066723187623,0.9708973829871675
0.0009288292250172499,0.9704379789786484
0.000959320947793824,0.9699715613567118
0.0009908136566858666,0.9694980308582708
0.0010233402121916423,0.9690172870756124
0.0010569345535579883,0.9685292284523204
0.0010916317341936148,0.9680337522795657
0.0011274679582449472,0.9675307546927807
0.0011644806183726854,0.967020130668736
0.001202708334768512,0.966501774023038
0.0012421909954526175,0.9659755774080694
0.0012829697978941476,0.9654414323113905
0.0013250872919979538,0.9648992290546226
0.0013685874245025177,0.9643488567928377
0.0014135155848353958,0.9637902035144719
0.0014599186524739786,0.9632231560417899
0.0015078450458610511,0.9626476000319221
0.0015573447729261352,0.9620634199784986
0.0016084694832653567,0.9614704992139064
0.001661272522034293,0.960868719912192
0.0017158089856100047,0.9602579630926418
0.0017721357790803584,0.9596381086240616
0.001830311675620613,0.9590090352297868
0.0018903973778192215,0.9583706204934499
0.001952455581016861,0.9577227408655372
0.0020165510387247483,0.9570652716707632
0.0020827506301905143,0.9563980871162926
0.0021511234301821672,0.955721060300847
0.0022217407810628848,0.9550340632247227
0.002294676367231936,0.9543369668007579
0.0023700062920093304,0.9536296408662814
0.0024478091570444404,0.9529119541960797
0.0025281661443315004,0.9521837745164168
0.0026111611009174596,0.9514449685201479
0.0026968806263906924,0.9506954018829579
0.002785414163241769,0.949934939280772
0.0028768540901905944,0.9491634444083724
0.002971295818577334,0.9483807799992627
0.003068837891917642,0.9475868078468254
0.003169582088726115,0.9467813888268092
0.0032736335287152475,0.9459643829211948
0.0033811007824806854,0.9451356492434809
0.0034920959847872714,0.9442950460654355
0.0036067349515740317,0.9434424308453606
0.0037251373008002097,0.9425776602579162
0.003847426577258506,0.9417005902255512
0.003973730381485609,0.9408110759515905
0.004104180502904709,0.93990897195503
0.004238913057338783,0.938994132107086
0.004378068629038167,0.9380664096695555
0.004521792417370702,0.9371256573350346
0.004670234388327335,0.9361717272690531
0.004823549431001467,0.9352044711541759
0.004981897519205165,0.9342237402361255
0.005145443878390925,0.9332293853719864
0.005314359158053242,0.9322212570805382
0.005488819609789672,0.9311992055947843
0.005669007271207434,0.9301630809167256
0.005855110155867244,0.9291127328744421
0.006047322449462649,0.928048011181539
0.006245844712439618,0.9269687654990155
0.006450884089267693,0.9258748454996171
0.00666265452458115,0.9247661009347317
0.00688137698641567,0.9236423817038869
0.007107279696773419,0.9225035379269108
0.007340598369757212,0.9213494200188166
0.007581576457522118,0.9201798787674694
0.007830465404301183,0.9189947654140994
0.008087524908770457,0.9177939317367162
0.008353023195026779,0.9165772301364896
0.00862723729246145,0.9153445137271523
0.008910453324821523,0.9140956364274856
0.00920296680876041,0.9128304530569464
0.009505082962189512,0.9115488194344925
0.009817117022752193,0.9102505924806622
0.010139394576752917,0.9089356303229664
0.010472251898884354,0.9076037924046447
0.010816036303107105,0.9062549395968404
0.011171106505048241,0.9048889343142458
0.011537832996296609,0.9035056406342648
0.011916598430985588,0.9021049244197451
0.012307798025066659,0.900686653445321
0.012711839968690289,0.8992506975274126
0.013129145852124654,0.8977969286579207
0.013560151105656334,0.8963252211416539
0.014005305453932197,0.894835451737524
0.014465073385216472,0.8933274998035396
0.014939934636052577,0.8918012474456245
0.015430384691835646,0.890256579670283
0.015936935303817745,0.8886933845411334
0.016460115023085514,0.8871115533393206
0.01700046975206718,0.8855109807278181
0.01755856331414469,0.8838915649196213
0.018134978041964952,0.8822532078498325
0.018730315385064367,0.8805958153516247
0.019345196537440462,0.8789192973360729
0.019980263085725508,0.8772235679758277
0.020636177678638585,0.8755085458926037
0.021313624718414376,0.8737741543484425
0.022013311074930323,0.8720203214407078
0.022735966823277175,0.8702469803007538
0.023482346005542765,0.8684540692962057
0.02425322741760353,0.8666415322367778
0.025049415421745023,0.8648093185835436
0.02587174078595924,0.8629573836615637
0.026721061550794352,0.8610856888757655
0.027598263924661803,0.8591942019299548
0.028504263208534344,0.8572828970488294
0.029440004751000337,0.8553517552028493
0.030406464934670686,0.8534007643358085
0.03140465219496752,0.8514299195949316
0.03243560807235811,0.8494392235633146
0.033500408299131326,0.8474286864945006
0.03460016392185112,0.8453983265489807
0.035736022460657886,0.8433481700323756
0.03690916910662778,0.8412782516350548
0.03812082795843888,0.8391886146729185
0.039372263299634794,0.8370793113290569
0.04066478091781858,0.8349504028959779
0.04199972946715306,0.832801960018081
0.04337850187558989,0.8306340629340269
0.04480253679829489,0.8284468017186408
0.04627332011878693,0.8262402765239608
0.047792386499356,0.824014597819023
0.04936132098237917,0.821769886627954
0.050981760644204246,0.8195062747659213
0.05265539630332755,0.8172239050724643
0.054383974284648015,0.8149229316417135
0.0561692982416381,0.8126035200489777
0.058013231038333786,0.810265847573158
0.05991769669310619,0.8079101034144248
0.06188468238624389,0.8055364889065743
0.06391624053344006,0.8031452177234495
0.0660144909273489,0.8007365160788027
0.0681816229494448,0.7983106229189393
0.07041989785449289,0.795867790107475
0.07273165113001462,0.7934082826015064
0.07511929493320968,0.7909323786184852
0.07758532060787836,0.7884403697930567
0.08013230128396887,0.7859325613231157
0.08276289456246352,0.7834092721043062
0.08547984528840413,0.7808708348521834
0.0882859884149515,0.778317596211236
0.09118425196146572,0.7757499168499599
0.09417766006869518,0.7731681715411598
0.09726933615426178,0.7705727492266471
0.10046250617173413,0.7679640530654981
0.10376050197669118,0.7653425004650309
0.10716676480328632,0.7627085230936573
0.1106848488549412,0.7600625668747705
0.11431842501291503,0.7574050919608301
0.11807128466661902,0.7547365726868182
0.12194734366967383,0.752057497502246
0.12595064642583575,0.7493683688809124
0.13008537010905719,0.7466697032076283
0.13435582902208262,0.7439620306411482
0.13876647909813086,0.7412458949525763
0.1433219225503574,0.738521853338545
0.14802691267395085,0.7357904762085017
0.15288635880587312,0.7330523469454817
0.15790533144741759,0.7303080616397907
0.16308906755493327,0.727558228795069
0.16844297600423153,0.7248034690062708
0.17397264323438025,0.7220444146091514
0.1796838390767721,0.7192817093009213
0.18558252277555187,0.7165160077318002
0.1916748492056815,0.7137479750672814
0.19796717529513325,0.7109782865209978
0.20446606665791178,0.7082076268581745
0.21117830444482444,0.7054366898697378
0.218110892419152,0.7026661778172552
0.22527106426459803,0.6998968008489805
0.2326662911331458,0.6971292763873865
0.24030428944069696,0.694364328488675
0.24819302891862552,0.6916026871748729
0.2563407409296515,0.6888450877392379
0.26475592705670664,0.6860922700258172
0.27344736797375824,0.6833449776841287
0.28242413260784355,0.6806039574000524
0.2916955876018796,0.6778699581041489
0.3012714070881164,0.6751437301587461
0.311161582782436,0.6724260245252596
0.3213764344100279,0.6697175919133341
0.331926620473319,0.6670191819135164
0.3428231493733971,0.6643315421152883
0.35407739089652696,0.6616554172124021
0.3657010880777493,0.6589915480975683
0.3777063694539368,0.6563406709486568
0.39010576171909933,0.6537035163086592
0.4029122027951348,0.6510808081617618
0.41613905533167067,0.6484732630079499
0.42980012064907985,0.6458815889386454
0.4439096531392171,0.6433064847159357
0.4584823751389096,0.6407486388580066
0.4735334922917116,0.6382087287334318
0.4890787094139595,0.6356874196669973
0.5051342468816766,0.6331853640597561
0.521716857555435,0.6307032005260081
0.5388438442608223,0.6282415530498877
0.5565330778427646,0.6258010301642153
0.5748030158125357,0.6233822241542275
0.5936727216069126,0.6209857102887437
0.6131618844795775,0.6186120460812575
0.6332908400455115,0.6162617705833544
0.6540805914998259,0.6139354037127612
0.6755528315331646,0.6116334456182163
0.6977299649665538,0.6093563760832227
0.7206351321293052,0.6071046539706128
0.7442922330043759,0.604878716709692
0.7687259521663736,0.6026789798275783
0.7939617845382284,0.6005058365261718
0.8200260619934131,0.598359657306013
0.8469459808314584,0.5962407896380982
0.8747496301554415,0.5941495576845225
0.9034660211810535,0.5920862620686226
0.933125117507825,0.5900511796950859
0.9637578663841089,0.5880445636202812
0.9953962309984233,0.586066642972865
1.0280732238308647,0.584117622924503
1.0618229410993847,0.5821976847103448
1.0966805983368697,0.5803069856986834
1.1326825671361538,0.5784456595090374
1.1698664131013081,0.5766138161776977
1.208270935044776,0.5748115423696005
1.2479362054713115,0.5730389016352087
1.2889036123908941,0.571295934710921
1.3312159025043078,0.5695826598613715
1.3749172258064204,0.5678990732618359
1.4200531816536817,0.5662451494188373
1.4666708663439685,0.5646208416269172
1.5148189222583472,0.5630260824594386
1.5645475886160958,0.561460784291197
1.6159087538959191,0.5599248398505341
1.6689560099780232,0.5584181227985993
1.72374470806362,0.5569404883333384
1.7803320164301157,0.5554917738157752
1.8387769800823268,0.5540717994161192
1.8991405823619356,0.5526803687772331
1.9614858085794293,0.5513172696930038
2.025877711735017,0.5499822747991746
2.092383480396979,0.5486751422742385
2.1610725088083766,0.5473956165480292
2.2320164692952345,0.5461434290157057
2.305289387051711,0.5449182987548921
2.3809677173803583,0.5437199332438032
2.4591304254680466,0.542548029078275
2.539859068780724,0.5414022726857043
2.6232378821631235,0.5402823410339957
2.709353865732054,0.5391879023337213
2.7982968756551156,0.5381186167317945
2.8901597179095115,0.5370741369950758
2.9850382451187296,0.5360541091824342
3.083031456568277,0.535058173303902
3.1842416015046564,0.5340859639656766
3.28877428582551,0.5331371109998315
3.3967385822722096,0.5322112400777169
3.508247144239789,0.5313079733061394
3.62341632332315,0.5304269298055214
3.7423662907219843,0.5295677262693463
3.865221162631262,0.528729977504302
3.9921091297480533,0.5279132969506375
4.1231625910297485,0.5271172971823416
4.258518291843415,0.5263415903868462
4.398317466650228,0.5255857888240513
4.542705986374043,0.5248495052645433
4.691834510607799,0.5241323534069678
4.8458586448165,0.523433948274584
5.004939102700954,0.5227539065911049
5.169241873891604,0.5220918471359853
5.33893839714735,0.521447391079385
5.514205739240302,0.5208201622970843
5.695226779712831,0.5202097876656825
5.8821904016999556,0.5196158973384515
6.075291689016077,0.5190381250022588
6.274732129711574,0.51847610811601
6.4807198263119705,0.5179294881310894
6.6934697129586676,0.5173979106943078
6.913203779678128,0.5168810258338853
7.140151304013403,0.5163784881290195
7.3745490902595465,0.515889956863605
7.616641716552892,0.515415096164676
7.86668179007159,0.5149535751261619
8.124930210614048,0.5145050679185442
8.391656442830161,0.5140692538850075
8.667138797389224,0.5136458176246823
8.951664721378302,0.5132344490635685
9.24553109823358,0.5128348435137294
9.549044557518078,0.5124467017213388
9.862521794868783,0.5120697299041544
10.186289902446886,0.5117036397789845
10.520686710236228,0.5113481485797007
10.86606113854598,0.5110029790663404
11.222773562085072,0.5106678595258295
11.591196185988856,0.5103425237648384
11.971713434189681,0.5100267110952761
12.36472235053715,0.5097201663129056
12.770633013086448,0.5094226396695517
13.189868961986692,0.5091338868393559
13.622867641416468,0.5088536688795147
14.070080856026864,0.5085817521859235
14.531975242368954,0.5083179084441293
15.009032755797366,0.50806191457598
15.501751173357688,0.5078135526823422
16.010644613183178,0.5075726099822377
16.536244070941823,0.5073388787487436
17.079097973894267,0.5071121562419684
17.639772753140452,0.5068922446394175
18.218853434651688,0.5066789509640346
18.816944249705557,0.5064720870101925
19.43466926536022,0.5062714692678967
20.072673035625684,0.5060769188454428
20.731621274012312,0.5058882613907646
21.412201548157316,0.5057053270116835
22.115123997254887,0.5055279501952701
22.841122073038257,0.5053559697265052
23.590953305086337,0.5051892286064235
24.36540009125466,0.5050275739699028
25.16527051405394,0.5048708570032613
25.99139918382933,0.5047189328618016
26.84464810961965,0.5045716605874436
27.72590759860481,0.5044289030265652
28.63609718508116,0.5042905267481705
29.576166589932566,0.5041564019624921
30.547096711599682,0.5040264024401225
31.549900649580884,0.5039004054317685
32.58562476153223,0.5037782915887086
33.655349755070944,0.5036599448840285
34.76019181541981,0.503545252534704
35.90130377007068,0.5034341049245905
37.07987629168172,0.5033263955283769
38.297139140462846,0.5032220208365509
39.55436244734702,0.5031208802814222
40.85285803928566,0.5030228761642399
42.19398080805024,0.502927913583439
43.5791301239703,0.5028359003640469
45.00975129608051,0.5027467469882718
46.487337080202565,0.5026603665272978
48.01342923653455,0.502576674574301
49.58962013837212,0.5024955891787032
51.21755443364241,0.5024170307816718
52.898930760981564,0.5023409221528758
54.63550352214876,0.5022671883285014
56.429084712625425,0.5021957565505298
58.281545812308394,0.5021265562072795
60.19481973827274,0.5020595187752073
62.17090286163833,0.5019945777619671
64.21185709064758,0.5019316686507201
66.31981202212675,0.5018707288456874
68.49696716357454,0.5018116976189372
70.74559422819878,0.5017545160583954
73.06803950529508,0.5016991270170699
75.46672630843887,0.5016454750634713
77.94415750404951,0.501593506433222
80.5029181229599,0.5015431689818324
83.14567805772064,0.5014944121386351
85.8751948484518,0.5014471868618556
88.69431656014704,0.5014014455948052
91.60598475443709,0.5013571422231766
94.61323755890778,0.5013142320334275
97.71921283717997,0.5012726716722299
100.92715146305719,0.5012324191069681
104.24040070215558,0.501193433587268
107.66241770454933,0.501155675607534
111.19677311207,0.5011191068704793
114.8471547840289,0.5010836902516262
118.61737164524791,0.5010493897647583
122.51135766041178,0.5010161705283048
126.53317593889429,0.5009839987326372
130.68702297433475,0.500952841608259
134.97723302339418,0.5009226673948676
139.40828262825787,0.5008934453112716
143.98479528760095,0.5008651455261405
148.71154628089536,0.5008377391295717
153.59346765108987,0.5008111981054526
158.63565335085897,0.5007854953045993
163.84336455779848,0.5007606044186564
169.2220351641039,0.5007364999547361
174.77727744646808,0.5007131572107787
180.514887922111,0.5006905522516192
186.44085339704853,0.5006686618857402
192.56135721291986,0.5006474636426943
198.88278569888118,0.5006269357511787
205.41173483530642,0.5006070571177459
212.15501713624525,0.500587807306134
219.11966875781474,0.500569166517199
226.31295683995296,0.5005511155694354
233.74238708918173,0.5005336358800683
241.41571161030177,0.5005167094467006
249.34093699518803,0.5005003188295034
257.52633267711985,0.5004844471339324
265.98043955937584,0.5004690779939563
274.71207892708145,0.5004541955557842
283.73036165162114,0.500439784462078
293.0446976972144,0.5004258298366352
302.66480593956953,0.5004123172695306
312.60072430687035,0.5003992328027032
322.86282025367336,0.5003865629159759
333.46180157863625,0.5003742945134962
344.4087275973823,0.5003624149105852
355.71502068213897,0.5003509118209843
367.39247818020743,0.5003397733444872
379.4532847236942,0.5003289879549467
391.9100249433402,0.5003185444886463
404.7756965997322,0.5003084321330244
418.0637241455762,0.5002986404157412
431.78797273320214,0.5002891591940811
445.96276268190957,0.5002799786446761
460.60288442023983,0.5002710892535445
475.72361391878894,0.500262481806435
491.34072862963666,0.5002541473794652
507.4705239490466,0.5002460773300491
524.1298302206062,0.500238263288102
541.3360302965375,0.5002306971475156
559.1070776755292,0.5002233710578975
577.4615152359826,0.5002162774165628
596.418494584246,0.5002094088607744
615.9977960380169,0.5002027582602221
636.2198492657495,0.500196318709735
657.105754603627,0.5001900835222179
678.6773050723302,0.5001840462218083
700.9570091165617,0.5001782005372435
723.9681140910877,0.5001725403954347
747.7346305177596,0.5001670599152408
772.2813571388642,0.5001617534014341
797.6339067929281,0.5001566153388551
823.8187331399602,0.5001516403867484
850.8631582640581,0.5001468233732752
878.7954011821329,0.500142159290196
907.6446072885357,0.5001376432877205
937.4408787663,0.500133270669517
968.2153059967076,0.5001290368878776
1000.0,0.5001249375390352
