arrival_rate_over_lambda_sn,density_over_n_sn,branch,fixed_point_slope
0.001,0.0007156932507381797,stable,8.094615144236374e-05
0.001,1.3972466541616553,unstable,12353.891842664529
0.004341137123745819,0.0031077645520231414,stable,0.0003526051421017182
0.004341137123745819,1.3968680867151786,unstable,2836.033513408386
0.0076822742474916385,0.005501137891968444,stable,0.0006261339397116482
0.0076822742474916385,1.3964882172300415,unstable,1597.1023715163067
0.011023411371237458,0.007895821073859298,stable,0.000901548596645934
0.011023411371237458,1.3961070379029583,unstable,1109.2025473948927
0.014364548494983278,0.010291821970920606,stable,0.001178865343445504
0.014364548494983278,1.395724540860705,unstable,848.273304122532
0.017705685618729098,0.012689148527168664,stable,0.0014581005913063064
0.017705685618729098,1.3953407181592652,unstable,685.8237394335771
0.021046822742474915,0.015087808758276047,stable,0.001739270934609555
0.021046822742474915,1.3949555617829659,unstable,574.9535509972643
0.024387959866220735,0.017487810752450043,stable,0.0020223931534952247
0.024387959866220735,1.3945690636436,unstable,494.4636992424948
0.027729096989966555,0.019889162671324706,stable,0.002307484216479657
0.027729096989966555,1.3941812155795332,unstable,433.3724117626257
0.031070234113712375,0.02229187275086698,stable,0.002594561283118184
0.031070234113712375,1.393792009354799,unstable,385.42161501701537
0.034411371237458195,0.02469594930229704,stable,0.0028836417067136925
0.034411371237458195,1.393401436658177,unstable,346.78372062373387
0.037752508361204015,0.02710140071302318,stable,0.003174743037072064
0.037752508361204015,1.3930094891022589,unstable,314.98612275790373
0.04109364548494983,0.02950823544759151,stable,0.003467883023305456
0.04109364548494983,1.3926161582224985,unstable,288.3603608540467
0.04443478260869565,0.03191646204865071,stable,0.003763079616684417
0.04443478260869565,1.3922214354762477,unstable,265.73979343044743
0.04777591973244147,0.03432608913793222,stable,0.0040603509735398485
0.04777591973244147,1.391825312241774,unstable,246.2841282728341
0.05111705685618729,0.036737125417246115,stable,0.004359715458215831
0.05111705685618729,1.3914277798172683,unstable,229.3727674625019
0.05445819397993311,0.039149579669492944,stable,0.004661191646074399
0.05445819397993311,1.3910288294198292,unstable,214.53741359082667
0.05779933110367893,0.041563460759691855,stable,0.004964798326553345
0.05779933110367893,1.3906284521844383,unstable,201.41805048790008
0.06114046822742475,0.04397877763602547,stable,0.005270554506278148
0.06114046822742475,1.3902266391629128,unstable,189.7333570516613
0.06448160535117056,0.0463955393309015,stable,0.005578479412229182
0.06448160535117056,1.389823381322845,unstable,179.26031918444593
0.06782274247491639,0.048813754962031934,stable,0.005888592494965385
0.06782274247491639,1.3894186695465227,unstable,169.81986796590004
0.0711638795986622,0.051233433733529614,stable,0.006200913431905557
0.0711638795986622,1.3890124946298328,unstable,161.2665635444429
0.07450501672240803,0.053654584937022895,stable,0.0065154621306685225
0.07450501672240803,1.3886048472811476,unstable,153.48105475019997
0.07784615384615384,0.056077217952788666,stable,0.006832258732473431
0.07784615384615384,1.3881957181201898,unstable,146.36448049705672
0.08118729096989966,0.05850134225090408,stable,0.007151323615601461
0.08118729096989966,1.3877850976768826,unstable,139.83425359445206
0.08452842809364548,0.06092696739241746,stable,0.0074726773989202714
0.08452842809364548,1.3873729763901772,unstable,133.82084447329083
0.0878695652173913,0.0633541030305384,stable,0.007796340945472509
0.0878695652173913,1.3869593446068642,unstable,128.26529868228798
0.09121070234113712,0.06578275891184814,stable,0.008122335366129827
0.09121070234113712,1.3865441925803625,unstable,123.1173000033928
0.09455183946488294,0.06821294487752985,stable,0.008450682023313763
0.09455183946488294,1.386127510469489,unstable,118.33364422435868
0.09789297658862876,0.07064467086461998,stable,0.008781402534785
0.09789297658862876,1.3857092883372069,unstable,113.87702545678366
0.10123411371237458,0.07307794690728033,stable,0.009114518777502448
0.10123411371237458,1.3852895161493548,unstable,109.71506279282204
0.1045752508361204,0.07551278313809202,stable,0.009450052891553725
0.1045752508361204,1.384868183773351,unstable,105.8195135493669
0.10791638795986622,0.07794918978937125,stable,0.009788027284158589
0.10791638795986622,1.38444528097688,unstable,102.16563266210463
0.11125752508361203,0.08038717719450769,stable,0.010128464633746921
0.11125752508361203,1.3840207974265515,unstable,98.73164750638739
0.11459866220735786,0.08282675578932562,stable,0.010471387894112942
0.11459866220735786,1.3835947226865415,unstable,95.4983245881086
0.11793979933110367,0.08526793611346847,stable,0.010816820298647323
0.11793979933110367,1.3831670462172068,unstable,92.44860988631078
0.1212809364548495,0.08771072881180762,stable,0.011164785364649004
0.1212809364548495,1.3827377573736757,unstable,89.56732864442627
0.12462207357859531,0.09015514463587504,stable,0.011515306897718385
0.12462207357859531,1.3823068454044165,unstable,86.84093345337976
0.12796321070234112,0.09260119444532137,stable,0.011868408996233832
0.12796321070234112,1.3818742994497781,unstable,84.257291800219
0.13130434782608696,0.09504888920939905,stable,0.012224116055913347
0.13130434782608696,1.3814401085405084,unstable,81.805506052624
0.13464548494983278,0.0974982400084717,stable,0.012582452774463302
0.13464548494983278,1.3810042615962435,unstable,79.47576024521253
0.1379866220735786,0.09994925803554988,stable,0.012943444156316233
0.1379866220735786,1.380566747423974,unstable,77.25918912487117
0.1413277591973244,0.10240195459785434,stable,0.013307115517459786
0.1413277591973244,1.3801275547164773,unstable,75.1477657714745
0.14466889632107022,0.1048563411184061,stable,0.013673492490358768
0.14466889632107022,1.3796866720507337,unstable,73.1342047911398
0.14801003344481606,0.1073124291376461,stable,0.014042601028972614
0.14801003344481606,1.3792440878863015,unstable,71.21187862111861
0.15135117056856187,0.10977023031508244,stable,0.014414467413870325
0.15135117056856187,1.3787997905636735,unstable,69.37474492035521
0.15469230769230768,0.11222975643096836,stable,0.014789118257445246
0.15469230769230768,1.3783537683025955,unstable,67.61728336958623
0.1580334448160535,0.11469101938800948,stable,0.015166580509231932
0.1580334448160535,1.3779060092003625,unstable,65.93444048850087
0.1613745819397993,0.1171540312131024,stable,0.015546881461327492
0.1613745819397993,1.3774565012300772,unstable,64.32158130795884
0.16471571906354515,0.1196188040591049,stable,0.015930048753919963
0.16471571906354515,1.3770052322388828,unstable,62.77444692401802
0.16805685618729096,0.12208535020663785,stable,0.016316110380926046
0.16805685618729096,1.3765521899461584,unstable,61.28911711513285
0.17139799331103678,0.12455368206592084,stable,0.01670509469574095
0.17139799331103678,1.3760973619416832,unstable,59.86197733167977
0.1747391304347826,0.12702381217864078,stable,0.017097030417102956
0.1747391304347826,1.3756407356837712,unstable,58.48968947260328
0.17808026755852843,0.12949575321985557,stable,0.017491946635075393
0.17808026755852843,1.3751822984973645,unstable,57.16916595176256
0.18142140468227425,0.13196951799993226,stable,0.017889872817148798
0.18142140468227425,1.3747220375720959,unstable,55.89754662992435
0.18476254180602006,0.1344451194665222,stable,0.018290838814466342
0.18476254180602006,1.374259939960314,unstable,54.67217824964305
0.18810367892976587,0.13692257070657224,stable,0.01869487486817524
0.18810367892976587,1.3737959925750722,unstable,53.4905960618294
0.19144481605351168,0.1394018849483738,stable,0.019102011615907286
0.19144481605351168,1.3733301821880783,unstable,52.350507376260715
0.19478595317725753,0.14188307556365062,stable,0.019512280098391743
0.19478595317725753,1.3728624954276099,unstable,51.249776805040035
0.19812709030100334,0.14436615606968617,stable,0.019925711766203665
0.19812709030100334,1.3723929187763824,unstable,50.18641299911433
0.20146822742474915,0.1468511401314907,stable,0.02034233848665106
0.20146822742474915,1.3719214385693859,unstable,49.158556704590644
0.20480936454849497,0.14933804156401018,stable,0.020762192550804227
0.20480936454849497,1.3714480409916743,unstable,48.16446998808211
0.2081505016722408,0.15182687433437733,stable,0.02118530668067087
0.2081505016722408,1.3709727120761155,unstable,47.20252649976579
0.21149163879598662,0.15431765256420574,stable,0.021611714036520503
0.21149163879598662,1.3704954377010947,unstable,46.2712026593606
0.21483277591973243,0.15681039053192838,stable,0.022041448224361916
0.21483277591973243,1.3700162035881804,unstable,45.369069664611466
0.21817391304347825,0.15930510267518133,stable,0.02247454330357752
0.21817391304347825,1.3695349952997353,unstable,44.49478623402364
0.22151505016722406,0.16180180359323368,stable,0.02291103379471839
0.22151505016722406,1.369051798236491,unstable,43.64709200640776
0.2248561872909699,0.1643005080494654,stable,0.023350954687464304
0.2248561872909699,1.3685665976350676,unstable,42.82480152885828
0.2281973244147157,0.16680123097389338,stable,0.023794341448752653
0.2281973244147157,1.3680793785654477,unstable,42.02679877288333
0.23153846153846153,0.16930398746574704,stable,0.024241230031080637
0.23153846153846153,1.3675901259284018,unstable,41.25203212534455
0.23487959866220734,0.1718087927960955,stable,0.024691656880985274
0.23487959866220734,1.3670988244528615,unstable,40.49950980689707
0.23822073578595318,0.17431566241052643,stable,0.02514565894770555
0.23822073578595318,1.3666054586932388,unstable,39.768295675992185
0.241561872909699,0.17682461193187873,stable,0.02560327369203154
0.241561872909699,1.3661100130266943,unstable,39.057505381088696
0.2449030100334448,0.17933565716302952,stable,0.026064539095345247
0.2449030100334448,1.3656124716503517,unstable,38.36630282783668
0.24824414715719062,0.18184881408973774,stable,0.026529493668858237
0.24824414715719062,1.3651128185784513,unstable,37.69389693154402
0.25158528428093646,0.18436409888354466,stable,0.02699817646305098
0.25158528428093646,1.3646110376394522,unstable,37.03953862841658
0.25492642140468225,0.18688152790473392,stable,0.027470627077319378
0.25492642140468225,1.3641071124730713,unstable,36.40251812182444
0.2582675585284281,0.18940111770535162,stable,0.027946885669833867
0.2582675585284281,1.3636010265272618,unstable,35.78216234231089
0.26160869565217393,0.19192288503228785,stable,0.028426992967616527
0.26160869565217393,1.3630927630551335,unstable,35.17783260224492
0.2649498327759197,0.1944468468304227,stable,0.028910990276842245
0.2649498327759197,1.3625823051118064,unstable,34.588922427917794
0.26829096989966555,0.19697302024583627,stable,0.029398919493369625
0.26829096989966555,1.3620696355512012,unstable,34.0148555536381
0.27163210702341134,0.19950142262908582,stable,0.029890823113507933
0.27163210702341134,1.3615547370227599,unstable,33.45508406384753
0.2749732441471572,0.20203207153855127,stable,0.030386744245026423
0.2749732441471572,1.3610375919681024,unstable,32.90908667070099
0.278314381270903,0.20456498474385074,stable,0.030886726618412397
0.278314381270903,1.3605181826176107,unstable,32.37636711570038
0.2816555183946488,0.20710018022932758,stable,0.03139081459838487
0.2816555183946488,1.3599964909869424,unstable,31.856452685094325
0.28499665551839465,0.20963767619761253,stable,0.03189905319567087
0.28499665551839465,1.3594724988734652,unstable,31.348892829700674
0.28833779264214043,0.21217749107325934,stable,0.03241148807905129
0.28833779264214043,1.3589461878526263,unstable,30.853257880693523
0.2916789297658863,0.21471964350646017,stable,0.032928165587683786
0.2916789297658863,1.3584175392742337,unstable,30.369137853644773
0.2950200668896321,0.2172641523768392,stable,0.033449132743710544
0.2950200668896321,1.3578865342586626,unstable,29.89614133382944
0.2983612040133779,0.2198110367973286,stable,0.033974437265158475
0.2983612040133779,1.3573531536929815,unstable,29.43389443643652
0.30170234113712374,0.2223603161181286,stable,0.03450412757914014
0.30170234113712374,1.3568173782269894,unstable,28.98203983585346
0.3050434782608695,0.22491200993075272,stable,0.03503825283536384
0.3050434782608695,1.3562791882691734,unstable,28.540235858755935
0.30838461538461537,0.22746613807216287,stable,0.03557686291996141
0.30838461538461537,1.3557385639825712,unstable,28.10815563614309
0.3117257525083612,0.23002272062899376,stable,0.03612000846964275
0.3117257525083612,1.3551954852805483,unstable,27.68548630990673
0.315066889632107,0.23258177794187143,stable,0.0366677408861863
0.315066889632107,1.354649931822479,unstable,27.27192828988102
0.31840802675585284,0.23514333060982737,stable,0.03722011235127506
0.31840802675585284,1.3541018830093308,unstable,26.867194557668753
0.3217491638795986,0.23770739949481068,stable,0.037777175841687945
0.3217491638795986,1.3535513179791554,unstable,26.47101001384207
0.32509030100334446,0.24027400572630167,stable,0.03833898514485681
0.32509030100334446,1.3529982156024727,unstable,26.08311086539435
0.3284314381270903,0.24284317070602893,stable,0.0389055948747995
0.3284314381270903,1.3524425544775533,unstable,25.703244050580786
0.3317725752508361,0.24541491611279284,stable,0.03947706048843994
0.3317725752508361,1.3518843129255975,unstable,25.33116669851406
0.33511371237458193,0.24798926390739962,stable,0.040053438302326695
0.33511371237458193,1.3513234689857987,unstable,24.96664562108028
0.33845484949832777,0.2505662363377066,stable,0.04063478550976109
0.33845484949832777,1.3507600004103,unstable,24.609456834952137
0.34179598662207356,0.25314585594378447,stable,0.04122116019834771
0.34179598662207356,1.3501938846590302,unstable,24.259385111632437
0.3451371237458194,0.2557281455631985,stable,0.041812621367979204
0.3451371237458194,1.349625098894424,unstable,23.91622355363304
0.3484782608695652,0.2583131283364109,stable,0.04240922894926831
0.3484782608695652,1.3490536199760197,unstable,23.579773195033532
0.351819397993311,0.2609008277123107,stable,0.043011043822440816
0.351819397993311,1.348479424454928,unstable,23.249842624797353
0.35516053511705686,0.2634912674538723,stable,0.043618127836702825
0.35516053511705686,1.3479024885681745,unstable,22.92624763134725
0.35850167224080265,0.26608447164394694,stable,0.044230543830096974
0.35850167224080265,1.3473227882329077,unstable,22.608810867017716
0.3618428093645485,0.268680464691192,stable,0.04484835564986209
0.3618428093645485,1.3467402990404709,unstable,22.2973615310927
0.3651839464882943,0.27127927133614027,stable,0.04547162817331188
0.3651839464882943,1.3461549962503303,unstable,21.991735070241226
0.3685250836120401,0.27388091665741565,stable,0.04610042732924844
0.3685250836120401,1.3455668547838633,unstable,21.6917728952494
0.37186622073578596,0.2764854260780967,stable,0.04673482011992677
0.37186622073578596,1.3449758492179904,unstable,21.397322113017676
0.37520735785953174,0.2790928253722351,stable,0.04737487464358791
0.37520735785953174,1.3443819537786599,unstable,21.108235272878954
0.3785484949832776,0.28170314067153196,stable,0.048020660117577524
0.3785484949832776,1.343785142334171,unstable,20.82437012634808
0.38188963210702337,0.28431639847217705,stable,0.04867224690206908
0.38188963210702337,1.3431853883883338,unstable,20.545589399479365
0.3852307692307692,0.28693262564185595,stable,0.04932970652440996
0.3852307692307692,1.3425826650734634,unstable,20.27176057707084
0.38857190635451505,0.28955184942693063,stable,0.04999311170411034
0.38857190635451505,1.3419769451431967,unstable,20.00275569799702
0.39191304347826084,0.292174097459797,stable,0.05066253637849532
0.39191304347826084,1.341368200965138,unstable,19.73845116101342
0.3952541806020067,0.29479939776642805,stable,0.051338055729041446
0.3952541806020067,1.3407564045133153,unstable,19.47872754040262
0.3985953177257525,0.29742777877410365,stable,0.05201974620841924
0.3985953177257525,1.3401415273604478,unstable,19.223469410893706
0.4019364548494983,0.30005926931933724,stable,0.05270768556826478
0.4019364548494983,1.339523540670022,unstable,18.972565181311953
0.40527759197324414,0.3026938986560033,stable,0.05340195288770417
0.40527759197324414,1.338902415188164,unstable,18.72590693645304
0.40861872909698993,0.3053316964636712,stable,0.054102628602654586
0.40861872909698993,1.338278121235304,unstable,18.483390286713853
0.41195986622073577,0.3079726928561535,stable,0.05480979453592822
0.41195986622073577,1.3376506286976302,unstable,18.244914225038706
0.4153010033444816,0.31061691839027517,stable,0.055523533928165156
0.4153010033444816,1.3370199070183164,unstable,18.010380990766443
0.4186421404682274,0.31326440407486905,stable,0.05624393146962235
0.4186421404682274,1.3363859251885304,unstable,17.779695939998437
0.42198327759197324,0.31591518138000685,stable,0.05697107333284783
0.42198327759197324,1.3357486517382007,unstable,17.552767422119533
0.425324414715719,0.31856928224647263,stable,0.05770504720626917
0.425324414715719,1.335108054726543,unstable,17.3295066621374
0.42866555183946486,0.3212267390954851,stable,0.05844594232872732
0.42866555183946486,1.3344641017323386,unstable,17.109827648522405
0.4320066889632107,0.3238875848386796,stable,0.059193849524987685
0.4320066889632107,1.333816759843952,unstable,16.893647026248285
0.4353478260869565,0.3265518528883543,stable,0.0599488612422615
0.4353478260869565,1.3331659956490856,unstable,16.68088399475782
0.43868896321070233,0.3292195771679944,stable,0.060711071587772836
0.43868896321070233,1.3325117752242537,unstable,16.471460210585445
0.4420301003344481,0.33189079212307837,stable,0.06148057636740605
0.4420301003344481,1.3318540641239776,unstable,16.26529969439509
0.44537123745819396,0.3345655327321787,stable,0.06225747312547215
0.44537123745819396,1.3311928273696854,unstable,16.06232874219981
0.4487123745819398,0.33724383451836615,stable,0.06304186118563253
0.4487123745819398,1.3305280294383057,unstable,15.862475840543558
0.4520535117056856,0.3399257335609274,stable,0.06383384169302045
0.4520535117056856,1.3298596342505524,unstable,15.665671585442595
0.4553946488294314,0.342611266507407,stable,0.06463351765760314
0.4553946488294314,1.3291876051588811,unstable,15.471848604891273
0.4587357859531772,0.345300470585985,stable,0.06544099399882775
0.4587357859531772,1.3285119049351113,unstable,15.280941484750636
0.46207692307692305,0.3479933836182005,stable,0.06625637759159737
0.46207692307692305,1.3278324957577037,unstable,15.092886697850764
0.4654180602006689,0.35069004403203374,stable,0.06707977731362444
0.4654180602006689,1.3271493391986784,unstable,14.907622536142277
0.4687591973244147,0.3533904908753599,stable,0.06791130409421184
0.4687591973244147,1.3264623962101605,unstable,14.725089045746001
0.4721003344481605,0.3560947638297869,stable,0.06875107096451302
0.4721003344481605,1.3257716271105415,unstable,14.545227964756625
0.47544147157190636,0.3588029032248889,stable,0.06959919310932516
0.47544147157190636,1.3250769915702476,unstable,14.367982663667068
0.47878260869565215,0.36151495005285267,stable,0.07045578792047186
0.47878260869565215,1.3243784485970918,unstable,14.19329808828149
0.482123745819398,0.36423094598355,stable,0.0713209750518344
0.482123745819398,1.3236759565212026,unstable,14.021120704999145
0.48546488294314377,0.36695093338004947,stable,0.07219487647609206
0.48546488294314377,1.3229694729795112,unstable,13.851398448353407
0.4888060200668896,0.36967495531458744,stable,0.07307761654323686
0.4888060200668896,1.3222589548997812,unstable,13.684080670698126
0.49214715719063545,0.3724030555850101,stable,0.07396932204092756
0.49214715719063545,1.3215443584841664,unstable,13.519118093940223
0.49548829431438124,0.37513527873170815,stable,0.07487012225675511
0.49548829431438124,1.3208256391922766,unstable,13.356462763218916
0.4988294314381271,0.3778716700550599,stable,0.07578014904249046
0.4988294314381271,1.320102751723733,unstable,13.19606800244346
0.5021705685618729,0.3806122756334002,stable,0.07669953688039158
0.5021705685618729,1.3193756500002007,unstable,13.037888371600516
0.5055117056856188,0.38335714234153795,stable,0.0776284229516496
0.5055117056856188,1.3186442871468709,unstable,12.88187962575049
0.5088528428093645,0.3861063178698402,stable,0.07856694720705686
0.5088528428093645,1.3179086154733766,unstable,12.727998675633648
0.5121939799331103,0.3888598507439061,stable,0.0795152524399842
0.5121939799331103,1.317168586454119,unstable,12.576203549812957
0.5155351170568562,0.39161779034485006,stable,0.08047348436175782
0.5155351170568562,1.316424150707983,unstable,12.426453358284286
0.518876254180602,0.3943801869302215,stable,0.08144179167953222
0.518876254180602,1.3156752579774196,unstable,12.278708257486901
0.5222173913043479,0.3971470916555807,stable,0.08242032617675715
0.5222173913043479,1.3149218571068684,unstable,12.132929416651631
0.5255585284280936,0.39991855659676206,stable,0.08340924279634514
0.5255585284280936,1.3141638960204953,unstable,11.989078985426556
0.5288996655518394,0.40269463477284506,stable,0.08440869972664651
0.5288996655518394,1.3134013216992202,unstable,11.847120062724015
0.5322408026755853,0.40547538016986656,stable,0.08541885849034844
0.5322408026755853,1.3126340801570064,unstable,11.707016666735097
0.5355819397993311,0.4082608477652986,stable,0.08643988403641666
0.5355819397993311,1.3118621164163826,unstable,11.568733706059854
0.538923076923077,0.4110510935533269,stable,0.08747194483520665
0.538923076923077,1.3110853744831623,unstable,11.43223695190444
0.5422642140468227,0.41384617457095835,stable,0.08851521297687515
0.5422642140468227,1.3103037973203393,unstable,11.297493011300313
0.5456053511705685,0.41664614892499363,stable,0.08956986427323184
0.5456053511705685,1.3095173268211118,unstable,11.164469301298865
0.5489464882943144,0.419451075819897,stable,0.09063607836317443
0.5489464882943144,1.3087259037810164,unstable,11.033134024102933
0.5522876254180602,0.422261015586604,stable,0.0917140388218616
0.5522876254180602,1.3079294678691178,unstable,10.903456143092031
0.555628762541806,0.4250760297123034,stable,0.09280393327378286
0.555628762541806,1.3071279575982264,unstable,10.775405359704777
0.5589698996655518,0.4278961808712325,stable,0.093905953509893
0.5589698996655518,1.3063213102941054,unstable,10.648952091143524
0.5623110367892976,0.4307215329565326,stable,0.09502029560898925
0.5623110367892976,1.305509462063613,unstable,10.524067448864008
0.5656521739130435,0.4335521511132045,stable,0.09614716006351515
0.5656521739130435,1.3046923477617491,unstable,10.400723217819388
0.5689933110367893,0.43638810177221443,stable,0.09728675190998823
0.5689933110367893,1.3038699009575474,unstable,10.278891836426235
0.5723344481605351,0.43922945268579733,stable,0.09843928086425502
0.5723344481605351,1.3030420538987726,unstable,10.158546377222907
0.5756755852842809,0.44207627296401164,stable,0.09960496146179182
0.5756755852842809,1.3022087374753661,unstable,10.039660528191622
0.5790167224080267,0.4449286331125966,stable,0.10078401320327639
0.5790167224080267,1.3013698811815892,unstable,9.922208574717569
0.5823578595317725,0.44778660507219376,stable,0.1019766607056728
0.5823578595317725,1.3005254130768,unstable,9.806165382157548
0.5856989966555184,0.4506502622589875,stable,0.10318313385907969
0.5856989966555184,1.2996752597448145,unstable,9.691506378995326
0.5890401337792642,0.4535196796068354,stable,0.10440366798961047
0.5890401337792642,1.2988193462517748,unstable,9.578207540558003
0.59238127090301,0.45639493361094513,stable,0.10563850402858356
0.59238127090301,1.297957596102473,unstable,9.466245373272418
0.5957224080267558,0.45927610237317856,stable,0.10688788868832147
0.5957224080267558,1.297089931195048,unstable,9.35559689943867
0.5990635451505016,0.46216326564905086,stable,0.10815207464486938
0.5990635451505016,1.2962162717739831,unstable,9.246239642499848
0.6024046822742475,0.465056504896503,stable,0.1094313207279637
0.6024046822742475,1.2953365363813394,unstable,9.138151612790166
0.6057458193979933,0.46795590332653475,stable,0.11072589211859957
0.6057458193979933,1.2944506418061157,unstable,9.031311293738666
0.609086956521739,0.47086154595577834,stable,0.11203606055456465
0.609086956521739,1.2935585030316799,unstable,8.925697628514609
0.6124280936454849,0.4737735196611114,stable,0.11336210454432971
0.6124280936454849,1.292660033181155,unstable,8.821290007093678
0.6157692307692307,0.47669191323640187,stable,0.11470430958970655
0.6157692307692307,1.2917551434606724,unstable,8.71806825372964
0.6191103678929766,0.4796168174514871,stable,0.11606296841770959
0.6191103678929766,1.2908437431003954,unstable,8.616012614816185
0.6224515050167224,0.48254832511350015,stable,0.11743838122208292
0.6224515050167224,1.2899257392931902,unstable,8.515103747121126
0.6257926421404681,0.48548653113065315,stable,0.11883085591498006
0.6257926421404681,1.2890010371308454,unstable,8.415322706380794
0.629133779264214,0.48843153257860045,stable,0.12024070838931576
0.629133779264214,1.2880695395377062,unstable,8.316650936238654
0.6324749163879598,0.4913834287695131,stable,0.12166826279233729
0.6324749163879598,1.2871311472016016,unstable,8.219070257514856
0.6358160535117057,0.49434232132399447,stable,0.12311385181099851
0.6358160535117057,1.2861857585019283,unstable,8.122562857794213
0.6391571906354515,0.49730831424598776,stable,0.12457781696975397
0.6391571906354515,1.2852332694347433,unstable,8.027111281319
0.6424983277591972,0.5002815140008262,stable,0.1260605089414303
0.6424983277591972,1.2842735735347124,unstable,7.932698419174299
0.6458394648829431,0.503262029596584,stable,0.12756228787186996
0.6458394648829431,1.283306561793763,unstable,7.839307499756132
0.6491806020066889,0.5062499726689095,stable,0.12908352371909135
0.6491806020066889,1.2823321225762456,unstable,7.746922079507063
0.6525217391304348,0.5092454575695139,stable,0.13062459660775066
0.6525217391304348,1.281350141530449,unstable,7.655526033912823
0.6558628762541806,0.5122486014585158,stable,0.1321858971997457
0.6558628762541806,1.2803605014962554,unstable,7.565103548746228
0.6592040133779264,0.515259524400849,stable,0.13376782708185506
0.6592040133779264,1.27936308240873,unstable,7.475639111548714
0.6625451505016722,0.5182783494669488,stable,0.1353707991713635
0.6625451505016722,1.2783577611974384,unstable,7.387117503340722
0.665886287625418,0.5213052028379561,stable,0.1369952381406878
0.665886287625418,1.277344411681239,unstable,7.299523790549891
0.6692274247491639,0.5243402139156865,stable,0.13864158086208658
0.6692274247491639,1.2763229044583164,unstable,7.212843317148424
0.6725685618729097,0.5273835154376295,stable,0.14031027687360711
0.6725685618729097,1.275293106791182,unstable,7.127061696990402
0.6759096989966555,0.5304352435972678,stable,0.14200178886750556
0.6759096989966555,1.2742548824863515,unstable,7.0421648063394775
0.6792508361204013,0.5334955381700074,stable,0.1437165932024552
0.6792508361204013,1.2732080917684199,unstable,6.958138776580154
0.6825919732441471,0.5365645426450578,stable,0.14545518044095743
0.6825919732441471,1.2721525911481777,unstable,6.874969987101397
0.685933110367893,0.5396424043635939,stable,0.1472180559134605
0.685933110367893,1.2710882332844493,unstable,6.792645058346832
0.6892742474916388,0.5427292746635771,stable,0.14900574031080321
0.6892742474916388,1.2700148668392743,unstable,6.711150845022166
0.6926153846153846,0.545825309031632,stable,0.15081877030671784
0.6926153846153846,1.2689323363260276,unstable,6.630474429451414
0.6959565217391304,0.548930667262396,stable,0.15265769921224473
0.6959565217391304,1.2678404819500715,unstable,6.5506031150755595
0.6992976588628762,0.552045513625804,stable,0.15452309766405656
0.6992976588628762,1.2667391394414718,unstable,6.471524420084241
0.702638795986622,0.5551700170427901,stable,0.1564155543488294
0.702638795986622,1.2656281398792937,unstable,6.393226071173559
0.7059799331103679,0.5583043512699286,stable,0.15833567676596316
0.7059799331103679,1.2645073095069632,unstable,6.315695997422654
0.7093210702341137,0.5614486950935834,stable,0.16028409203112706
0.7093210702341137,1.2633764695381167,unstable,6.238922324280343
0.7126622073578595,0.5646032325341591,stable,0.16226144772329182
0.7126622073578595,1.2622354359523487,unstable,6.162893367655134
0.7160033444816053,0.5677681530611123,stable,0.16426841277812257
0.7160033444816053,1.2610840192802037,unstable,6.08759762810093
0.7193444816053511,0.5709436518194194,stable,0.16630567843082533
0.7193444816053511,1.2599220243767044,unstable,6.013023785089504
0.722685618729097,0.5741299298682523,stable,0.1683739592117883
0.722685618729097,1.2587492501826796,unstable,5.939160691364123
0.7260267558528428,0.5773271944326818,stable,0.17047399399862798
0.7260267558528428,1.2575654894730586,unstable,5.865997367364144
0.7293678929765885,0.5805356591692803,stable,0.17260654712853815
0.7293678929765885,1.2563705285912676,unstable,5.793522995714104
0.7327090301003344,0.5837555444465773,stable,0.17477240957516613
0.7327090301003344,1.2551641471687789,unstable,5.721726915768831
0.7360501672240802,0.586987077641393,stable,0.17697240019458746
0.7360501672240802,1.2539461178287712,unstable,5.650598618205241
0.7393913043478261,0.590230493452158,stable,0.17920736704533538
0.7393913043478261,1.252716205872814,unstable,5.580127739653801
0.7427324414715719,0.5934860342304282,stable,0.1814781887878667
0.7427324414715719,1.2514741689493523,unstable,5.510304057359324
0.7460735785953176,0.5967539503319025,stable,0.18378577616930794
0.7460735785953176,1.2502197567026858,unstable,5.4411174838621665
0.7494147157190635,0.6000345004883512,stable,0.18613107359983438
0.7494147157190635,1.2489527104010452,unstable,5.372558061691051
0.7527558528428093,0.6033279522020141,stable,0.18851506082760544
0.7527558528428093,1.2476727625421904,unstable,5.304615958055918
0.7560969899665552,0.6066345821641301,stable,0.19093875471978938
0.7560969899665552,1.2463796364348823,unstable,5.237281459531563
0.759438127090301,0.6099546766994414,stable,0.19340321115791018
0.759438127090301,1.2450730457543793,unstable,5.170544966719916
0.7627792642140467,0.6132885322386548,stable,0.19590952705649498
0.7627792642140467,1.243752694069974,unstable,5.1043969888796035
0.7661204013377926,0.6166364558210475,stable,0.1984588425148502
0.7661204013377926,1.242418274342389,unstable,5.038828138510236
0.7694615384615384,0.6199987656295919,stable,0.20105234311272202
0.7694615384615384,1.241069468388653,unstable,4.9738291258776455
0.7728026755852843,0.6233757915612106,stable,0.20369126236163412
0.7728026755852843,1.2397059463118423,unstable,4.909390753465901
0.7761438127090301,0.626767875835018,stable,0.20637688432484436
0.7761438127090301,1.2383273658928429,unstable,4.845503910340876
0.7794849498327758,0.6301753736416804,stable,0.20911054642014534
0.7794849498327758,1.2369333719409883,unstable,4.782159566408462
0.7828260869565217,0.6335986538373485,stable,0.21189364242116665
0.7828260869565217,1.2355235956001283,unstable,4.719348766549421
0.7861672240802675,0.6370380996859468,stable,0.21472762567442924
0.7861672240802675,1.2340976536063382,unstable,4.657062624611734
0.7895083612040134,0.6404941096540081,stable,0.21761401255119775
0.7895083612040134,1.2326551474930851,unstable,4.595292317238683
0.7928494983277592,0.6439670982626561,stable,0.22055438615517248
0.7928494983277592,1.231195662739245,unstable,4.534029077510358
0.796190635451505,0.6474574970018482,stable,0.22355040030932602
0.796190635451505,1.2297187678548611,unstable,4.473264188372317
0.7995317725752508,0.6509657553125165,stable,0.22660378384771246
0.7995317725752508,1.2282240133990003,unstable,4.412988975824173
0.8028729096989966,0.6544923416428693,stable,0.2297163452409359
0.8028729096989966,1.226710930923456,unstable,4.353194801837721
0.8062140468227424,0.6580377445858102,stable,0.23288997758718832
0.8062140468227424,1.225179031835323,unstable,4.293873056970109
0.8095551839464883,0.6616024741052141,stable,0.23612666400441554
0.8095551839464883,1.223627806170727,unstable,4.235015152635616
0.8128963210702341,0.6651870628596815,stable,0.2394284834632996
0.8128963210702341,1.222056721271068,unstable,4.176612512994041
0.8162374581939799,0.6687920676334136,stable,0.2427976171054525
0.8162374581939799,1.220465220352144,unstable,4.118656566409708
0.8195785953177257,0.6724180708849741,stable,0.24623635509654973
0.8195785953177257,1.2188527209553914,unstable,4.06113873643028
0.8229197324414715,0.6760656824260343,stable,0.249747104070253
0.8229197324414715,1.2172186132691392,unstable,4.004050432227245
0.8262608695652174,0.6797355412436684,stable,0.25333239522573764
0.8262608695652174,1.215562258306313,unstable,3.947383038434241
0.8296020066889632,0.6834283174814811,stable,0.25699489314964674
0.8296020066889632,1.2138829859233087,unstable,3.8911279043109612
0.832943143812709,0.6871447145968159,stable,0.26073740544249857
0.832943143812709,1.2121800926627817,unstable,3.835276332150727
0.8362842809364548,0.6908854717135284,stable,0.2645628932401581
0.8362842809364548,1.2104528394008773,unstable,3.779819564840658
0.8396254180602006,0.6946513661924388,stable,0.26847448273325275
0.8396254180602006,1.208700448776775,unstable,3.7247487724692654
0.8429665551839465,0.6984432164445697,stable,0.27247547780158304
0.8429665551839465,1.2069221023794519,unstable,3.6700550378636136
0.8463076923076923,0.7022618850157696,stable,0.27656937389707514
0.8463076923076923,1.2051169376630604,unstable,3.615729340921711
0.849648829431438,0.7061082819754203,stable,0.2807598733280589
0.849648829431438,1.2032840445582176,unstable,3.561762541584899
0.8529899665551839,0.7099833686466354,stable,0.28505090212009637
0.8529899665551839,1.2014224617418106,unstable,3.508145361275452
0.8563311036789297,0.7138881617209631,stable,0.28944662865498455
0.8563311036789297,1.199531172522291,unstable,3.4548683625953958
0.8596722408026756,0.7178237378071403,stable,0.29395148432057283
0.8596722408026756,1.197609100290922,unstable,3.401921927053229
0.8630133779264214,0.7217912384711495,stable,0.29857018644068883
0.8630133779264214,1.1956551034817204,unstable,3.3492962305486285
0.8663545150501671,0.7257918758340186,stable,0.30330776379796687
0.8663545150501671,1.1936679699736594,unstable,3.2969812163004795
0.869695652173913,0.729826938804629,stable,0.30816958511408726
0.869695652173913,1.191646410857857,unstable,3.244966564853537
0.8730367892976588,0.7338978000378202,stable,0.3131613909138212
0.8730367892976588,1.189589053479474,unstable,3.1932416607358616
0.8763779264214047,0.7380059237236192,stable,0.31828932927350967
0.8763779264214047,1.1874944336484832,unstable,3.14179555526566
0.8797190635451505,0.7421528743321731,stable,0.3235599960441564
0.8797190635451505,1.185360986894737,unstable,3.090616924916542
0.8830602006688962,0.7463403264616538,stable,0.3289804802478012
0.8830602006688962,1.1831870386200645,unstable,3.0396940245413955
0.8864013377926421,0.7505700759639719,stable,0.33455841547793874
0.8864013377926421,1.1809707929725544,unstable,2.9890146346234667
0.8897424749163879,0.7548440525568674,stable,0.3403020382964499
0.8897424749163879,1.178710320234467,unstable,2.938566001561423
0.8930836120401338,0.7591643341724059,stable,0.34622025481856483
0.8930836120401338,1.1764035424737365,unstable,2.8883347697957293
0.8964247491638796,0.7635331633431472,stable,0.3523227169237977
0.8964247491638796,1.174048217157803,unstable,2.838306904338169
0.8997658862876253,0.7679529659910592,stable,0.3586199098378387
0.8997658862876253,1.1716419183646996,unstable,2.788467601958255
0.9031070234113712,0.7724263730641261,stable,0.3651232532154376
0.9031070234113712,1.1691820151464407,unstable,2.738801188895964
0.906448160535117,0.7769562455663404,stable,0.37184521834056056
0.906448160535117,1.1666656464990344,unstable,2.6892910024840972
0.9097892976588628,0.781545703654839,stable,0.3787994646788683
0.9097892976588628,1.1640896922653436,unstable,2.6399192534439293
0.9131304347826087,0.7861981606418937,stable,0.3860009998110293
0.9131304347826087,1.161450739133097,unstable,2.5906668648256317
0.9164715719063544,0.7909173629513525,stable,0.39346636780181926
0.9164715719063544,1.1587450406784465,unstable,2.541513282537231
0.9198127090301003,0.7957074373552525,stable,0.40121387239965184
0.9198127090301003,1.1559684701293544,unstable,2.4924362510673492
0.9231538461538461,0.8005729471798938,stable,0.4092638432271916
0.9231538461538461,1.153116464159521,unstable,2.443411546240301
0.9264949832775919,0.8055189596543162,stable,0.41763895547618
0.9264949832775919,1.150183955539907,unstable,2.394412654489645
0.9298361204013378,0.8105511272249214,stable,0.42636461678925314
0.9298361204013378,1.1471652918241093,unstable,2.345410384967017
0.9331772575250836,0.8156757865466043,stable,0.43546943933536003
0.9331772575250836,1.1440541363572347,unstable,2.2963723964792195
0.9365183946488294,0.8209000800849785,stable,0.4449858210633668
0.9365183946488294,1.1408433466736687,unstable,2.247262615267916
0.9398595317725752,0.8262321069795272,stable,0.45495066850542387
0.9398595317725752,1.137524823633928,unstable,2.1980405112605688
0.943200668896321,0.8316811122598788,stable,0.4654063054594735
0.943200668896321,1.1340893222083843,unstable,2.148660188462093
0.9465418060200669,0.8372577270470243,stable,0.47640162923354096
0.9465418060200669,1.130526211276047,unstable,2.0990692278043843
0.9498829431438127,0.8429742776029211,stable,0.487993601816799
0.9498829431438127,1.1268231645749582,unstable,2.0492071950882176
0.9532240802675584,0.8488451889949626,stable,0.5002492021906371
0.9532240802675584,1.1229657570377245,unstable,1.9990036878038093
0.9565652173913043,0.8548875213761427,stable,0.5132480262128589
0.9565652173913043,1.1189369285113526,unstable,1.948375734396432
0.9599063545150501,0.8611216963518403,stable,0.5270858164724661
0.9599063545150501,1.1147162573904632,unstable,1.8972242635791716
0.963247491638796,0.8675725028795112,stable,0.5418793623257478
0.963247491638796,1.1102789547176004,unstable,1.8454292034817465
0.9665886287625418,0.8742705265936227,stable,0.5577734794053448
0.9665886287625418,1.1055944348582967,unstable,1.7928425013432394
0.9699297658862875,0.8812542431363398,stable,0.5749512563943707
0.9699297658862875,1.1006242221703875,unstable,1.7392778759562832
0.9732709030100334,0.888573196498627,stable,0.5936496509862562
0.9732709030100334,1.0953187726629086,unstable,1.6844952209416
0.9766120401337792,0.8962930406402052,stable,0.6141842898984456
0.9766120401337792,1.0896124323761387,unstable,1.6281758039844236
0.9799531772575251,0.9045039833305996,stable,0.6369911079969947
0.9799531772575251,1.0834149935405522,unstable,1.5698806269752772
0.9832943143812709,0.9133359452466929,stable,0.6627012905298822
0.9832943143812709,1.0765965354792668,unstable,1.5089754830572617
0.9866354515050166,0.9229884057885449,stable,0.6922891992114096
0.9866354515050166,1.068957578792223,unstable,1.4444830298365288
0.9899765886287625,0.9337972960869707,stable,0.7274047824969931
0.9899765886287625,1.0601621923486055,unstable,1.3747503784168995
0.9933177257525083,0.9464178939181694,stable,0.771284894337366
0.9933177257525083,1.0495550983722146,unstable,1.2965377739688921
0.9966588628762542,0.9625426401437671,stable,0.8323404912215101
0.9966588628762542,1.0354438560014254,unstable,1.201431398023715
1.0,1.0,unstable,1.0
