profile,true_rho,dataset,joint_rho,rho_ci_lower,rho_ci_upper,regime_verdict,interval_contains_truth,known_gamma_rho,joint_abs_error,known_gamma_abs_error,max_gamma_abs_error,gamma_bound_entries,bootstrap_successes
quick,0.85,0,0.8263709188997637,0.7593863241950521,0.9409914343313722,certified_subcritical,True,0.8538190204645377,0.023629081100236315,0.003819020464537748,0.30587989372724045,0,80
quick,0.85,1,0.8188476507419076,0.7387162870966053,0.886968386932921,certified_subcritical,True,0.8553378107938527,0.031152349258092404,0.00533781079385276,0.5352709387611827,0,80
quick,0.85,2,0.8786525190532812,0.792022314277972,1.1134492709206592,indeterminate,True,0.8406584988460515,0.028652519053281256,0.009341501153948495,0.31771163344963194,0,80
quick,0.85,3,0.7907420809345153,0.7124838468490606,0.871126428252388,certified_subcritical,True,0.8136063436153214,0.05925791906548472,0.03639365638467862,0.25529695471931535,0,80
quick,0.85,4,0.8792177287112704,0.807722835114583,0.9609715051745696,certified_subcritical,True,0.8642391121266197,0.029217728711270374,0.014239112126619768,0.26638218453832485,0,80
quick,0.85,5,0.8393136040003208,0.7799607594971054,0.9185879703199329,certified_subcritical,True,0.8864032820385034,0.010686395999679132,0.036403282038503404,0.3935852028542204,0,80
quick,0.85,6,0.8605113380632546,0.7860716773161521,1.1388573171505971,indeterminate,True,0.810922566049104,0.01051133806325466,0.03907743395089602,0.39311761090950226,0,80
quick,0.85,7,0.8152019685399843,0.7334817137517718,0.9224926830862867,certified_subcritical,True,0.8108396074013402,0.0347980314600157,0.03916039259865978,0.21031085214979106,0,80
quick,0.85,8,0.900244950082233,0.7990745969635222,1.081352094170486,indeterminate,True,0.8767082717540962,0.050244950082233064,0.02670827175409618,0.28390957495728175,0,80
quick,0.85,9,0.8873717796522039,0.8068226125593648,0.9902114230227175,certified_subcritical,True,0.8768540916386817,0.03737177965220395,0.026854091638681687,0.20647897320306896,0,80
quick,0.85,10,0.8581283480247084,0.8012841215148124,0.950860933351719,certified_subcritical,True,0.8749901583780293,0.00812834802470841,0.024990158378029315,0.23684702224788212,0,80
quick,0.85,11,0.9002892687644062,0.8248783326357263,0.9923659434089676,certified_subcritical,True,0.9246340623882505,0.0502892687644062,0.07463406238825054,0.1429780483367965,0,80
quick,1.0,0,1.080076232162692,1.00152032151622,1.1889855347105316,certified_supercritical,False,1.0340958490196728,0.080076232162692,0.034095849019672775,0.37008445039082327,0,80
quick,1.0,1,0.9292923457147193,0.8691426911760178,1.0416288162887468,indeterminate,True,0.9417624705792929,0.0707076542852807,0.058237529420707146,0.17234461686387914,0,80
quick,1.0,2,1.0405442667623843,0.9589809635017275,1.1698383222472266,indeterminate,True,1.0112400237759072,0.04054426676238432,0.01124002377590716,0.1386215290412235,0,80
quick,1.0,3,0.994486434529685,0.9069321341688277,1.0815892548160801,indeterminate,True,1.0269318936505085,0.005513565470315007,0.02693189365050852,0.20454712210507087,0,80
quick,1.0,4,0.9365176238037323,0.8736831703146525,0.9999676236507727,certified_subcritical,False,0.9462303817461208,0.06348237619626773,0.05376961825387916,0.18035170821087387,0,80
quick,1.0,5,1.0269822829833093,0.9405409850291012,1.179685436916878,indeterminate,True,1.004383252260263,0.02698228298330929,0.0043832522602629265,0.09400309175368826,0,80
quick,1.0,6,1.002081321445141,0.9329187421901749,1.1164420588497825,indeterminate,True,1.007489091885487,0.002081321445140949,0.007489091885487076,0.2504088153199743,0,80
quick,1.0,7,0.9509016486903856,0.8618931638308988,1.0482771933674404,indeterminate,True,0.9721374692701474,0.049098351309614374,0.027862530729852564,0.2348347687948814,0,80
quick,1.0,8,0.9280442991032845,0.8594904051795746,1.0243867976778467,indeterminate,True,0.9467852949938544,0.07195570089671555,0.05321470500614556,0.15626089692749612,0,80
quick,1.0,9,0.9899470219616742,0.9422838828494768,1.0638990843671607,indeterminate,True,1.0045372241627395,0.010052978038325833,0.004537224162739495,0.11975194774665965,0,80
quick,1.0,10,1.0270491845640104,0.9489119602150377,1.1598256914850327,indeterminate,True,0.9860559602725185,0.027049184564010398,0.013944039727481483,0.17660678243881134,0,80
quick,1.0,11,0.9970936679772222,0.9453342482769476,1.0674516791301196,indeterminate,True,1.0197923516442882,0.002906332022777791,0.019792351644288164,0.12920742131664953,0,80
quick,1.15,0,1.225328130280372,1.1112628221479524,1.3455401818442863,certified_supercritical,True,1.1739666898501824,0.07532813028037211,0.023966689850182465,0.18959677057875624,0,80
quick,1.15,1,1.1582617822044878,1.086382461074519,1.2744486081748914,certified_supercritical,True,1.1539208810799635,0.008261782204487922,0.0039208810799635785,0.08525265502941615,0,80
quick,1.15,2,1.184609728621326,1.0862825268937428,1.3127993264851359,certified_supercritical,True,1.170845917335487,0.03460972862132605,0.02084591733548713,0.3402685473818754,0,80
quick,1.15,3,1.0912042678674254,1.0109699319019736,1.2069852268353194,certified_supercritical,True,1.1398340466516301,0.058795732132574496,0.010165953348369783,0.14538275020604818,0,80
quick,1.15,4,1.1345676541072356,1.051281606758546,1.2376204859667144,certified_supercritical,True,1.144612757610053,0.015432345892764321,0.005387242389946811,0.24193970557779054,0,80
quick,1.15,5,1.2026258173631765,1.1327245823800258,1.3260386362827845,certified_supercritical,True,1.1736398107433792,0.05262581736317662,0.023639810743379286,0.15861463568828538,0,80
quick,1.15,6,1.1501385453764321,1.0585764930620323,1.2629547637173133,certified_supercritical,True,1.1348156643867189,0.00013854537643220866,0.01518433561328103,0.09281604208866545,0,80
quick,1.15,7,1.2204350211138932,1.1298592703783177,1.3352478877816034,certified_supercritical,True,1.2096923286689356,0.07043502111389333,0.0596923286689357,0.0872455507469796,0,80
quick,1.15,8,1.2003444652494277,1.1109176169678443,1.3328547411496205,certified_supercritical,True,1.1745784183796095,0.05034446524942782,0.024578418379609612,0.1750083049845086,0,80
quick,1.15,9,1.1640736092617971,1.088777093665524,1.259835588808593,certified_supercritical,True,1.1920397477617208,0.014073609261797237,0.042039747761720925,0.16290091652693584,0,80
quick,1.15,10,1.1823396904459567,1.1121387369639022,1.2889872087044305,certified_supercritical,True,1.1656324809896148,0.03233969044595675,0.015632480989614894,0.1165082968548693,0,80
quick,1.15,11,1.3208567917760847,1.2150846585948964,1.5538986400350017,certified_supercritical,False,1.2047333229444979,0.17085679177608482,0.05473332294449795,0.21847565335546393,0,80
